"area","location","count"
"浦东新区","上海浦东国际机场","149"
"大兴区","北京大兴国际机场工作区","55"
"大兴区","北京大兴国际机场建设指挥部","43"
"长宁区","上海虹桥国际机场","38"
"渝中区","洪崖洞民俗风貌区","36"
"渝北区","重庆江北国际机场","33"
"白云区","广州白云国际机场店","32"
"顺义区","北京首都国际机场3号航站楼","29"
"渝中区","解放碑步行街","27"
"玄武区","新街口(地铁站)","22"
"白云区","广州白云国际机场","22"
"闵行区","上海虹桥站","18"
"闵行区","上海虹桥国际机场2号航站楼","18"
"萧山区","杭州萧山国际机场","16"
"宝安区","深圳宝安国际机场","15"
"萧山区","新街镇工业园区","14"
"克拉玛依区","朝阳公园","13"
"温江区","天府永汇","13"
"新郑市","郑州新郑国际机场","13"
"武昌区","武汉大学","12"
"简阳市","成都天府国际机场","11"
"双流区","成都双流国际机场","9"
"思明区","鼓浪屿","8"
"江北区","观音桥","7"
"洪山区","光谷","7"
"河东区","天津站(地铁站)","7"
"渝中区","重庆朝天门广场(暂停开放)","7"
"长安区","长安医药","7"
"朝阳区","国贸(地铁站)","7"
"离岛区","香港国际机场","7"
"原州区","新街口住宅B区","7"
"黄陂区","武汉天河国际机场","7"
"永登县","兰州中川国际机场有限公司","7"
"宝安区","深圳机场站","7"
"宝安区","深圳宝安机场(公交站)","7"
"古城区","古城供销","6"
"古城区","丽江古城","6"
"海淀区","圆明园遗址公园","6"
"金水区","郑州东站","6"
"钱塘区","杭州东站候车区","6"
"南明区","贵阳龙洞堡国际机场","6"
"江宁区","南京南站南广场","6"
"美兰区","海口美兰国际机场","6"
"江宁区","南京禄口国际机场","6"
"常宁市","G0421许广高速","6"
"朝阳区","奥林匹克森林公园","5"
"天河区","时尚天河商业广场","5"
"青羊区","天府广场","5"
"越秀区","越秀公园","5"
"上城区","杭州湖滨银泰in77C3区","5"
"丰台区","北京南站","5"
"天河区","广州东站","5"
"沙坪坝区","重庆西站","5"
"洪山区","光谷广场","5"
"湖里区","厦门高崎国际机场","5"
"芙蓉区","五一广场","5"
"西城区","西单","5"
"沙坪坝区","沙坪坝","5"
"庐阳区","万象影城(庐阳万象汇LUXE店)","5"
"花都区","广州白云国际机场","5"
"蜀山区","方兴大道与机场高速出口交叉口","5"
"崂山区","青岛胶东国际机场","5"
"东丽区","天津滨海国际机场","5"
"莲湖区","西安咸阳机场大巴(西稍门站)","5"
"渭城区","西安咸阳国际机场","5"
"官渡区","昆明长水国际机场","5"
"天河区","武汉天河国际机场","5"
"宁陵县","逻岗镇人民政府","5"
"包河区","万达广场(合肥包河店)","5"
"小店区","太原南站","4"
"渝中区","鹅岭公园","4"
"玄武区","玄武湖公园","4"
"南岸区","室内步行街(南坪万达广场店)","4"
"天河区","珠江新城(地铁站)","4"
"东城区","中关村雍和航星科技园","4"
"渝北区","重庆北站","4"
"沙坪坝区","重庆大学城","4"
"朝阳区","三里屯太古里","4"
"越秀区","北京路步行街","4"
"上城区","杭州(包含宁波)","4"
"渝中区","来福士购物中心","4"
"油尖旺区","香港(广东道)","4"
"平遥县","平遥古城","4"
"天河区","正佳广场","4"
"浦东新区","世纪汇广场(商场)","4"
"青羊区","成都杜甫草堂博物馆","4"
"普陀区","飞虹桥","4"
"静安区","上海月星环球港","4"
"丰台区","北京西站","4"
"天宁区","五角场","4"
"源城区","七寨湖公园","4"
"海城区","中山公园","4"
"大兴区","北京大兴国际机场","4"
"离岛区","机场(地面运输中心)(公交站)","4"
"建邺区","滁州(南京国际博览中心)","4"
"浦口区","南京江北新区","4"
"朝阳区","长春这有山舍客栈地下停车点(入口)","4"
"新北区","江南环球港","4"
"黄岛区","山东科技大学","3"
"天河区","太古汇","3"
"胶州市","青岛胶东国际机场","3"
"浦东新区","上海中心大厦","3"
"渝中区","观音岩","3"
"集美区","厦门东山宾馆","3"
"渝中区","两路口(地铁站)","3"
"张店区","柳泉路","3"
"双台子区","盘锦银行(盘山支行)","3"
"东城区","王府井","3"
"海珠区","广州塔","3"
"渝中区","龙湖重庆时代天街","3"
"徐汇区","上海南站","3"
"朝阳区","北京朝阳合生汇","3"
"武昌区","洪山广场","3"
"姑苏区","观前街","3"
"海淀区","海淀黄庄(地铁站)","3"
"金水区","郑州市金水区人民法院","3"
"雁塔区","大雁塔","3"
"金坛区","徐家棚桥","3"
"海淀区","北京市海淀区行政服务大厅","3"
"双流区","天府公园","3"
"兰陵县","徐家汇车辆城","3"
"溧阳市","北大街","3"
"黄浦区","上海人民广场","3"
"福田区","岗厦北(地铁站)","3"
"莲湖区","钟楼(地铁站)","3"
"芙蓉区","万家丽国际购物广场","3"
"天河区","天河公园","3"
"滨湖区","十八湾湿地公园","3"
"进贤县","西湖李家实业发展有限公司","3"
"包河区","包河大道","3"
"东西湖区","奥林匹克花园2期停车场(出入口)","3"
"大兴区","S3501大兴机场高速","3"
"甘井子区","大连周水子国际机场","3"
"梁园区","睿达传媒","3"
"峨山彝族自治县","峨山互通","3"
"龙海市","东山市场","3"
"洛龙区","龙门石窟","3"
"洪山区","东湖·御院","3"
"江夏区","光谷二路","3"
"宽城区","G12珲乌高速","3"
"高碑店市","G4京港澳高速","3"
"南岳区","南岳收费站(S51南岳高速东南向)","3"
"洪江市","G65包茂高速","3"
"津市市","G55二广高速","3"
"濠江区","G15沈海高速","3"
"郫都区","安德","3"
"鼓楼区","鼓楼(地铁站)","3"
"茅箭区","朝阳路","3"
"莲湖区","大唐西市","3"
"梁园区","八一路与归德路交叉口","3"
"朝阳区","龙湖长楹天街购物中心","3"
"昆山市","中茵广场","3"
"宝安区","日月光宾馆(塘下涌店)","3"
"浦东新区","陆家嘴","3"
"二七区","大同路与福寿街交叉口","3"
"青浦区","上海青浦吾悦广场","3"
"宣州区","万达广场","3"
"思明区","厦门大学思明校区","2"
"市中区","山东财经大学舜耕校区","2"
"渝中区","帝都广场写字楼","2"
"南岗区","凯德广场·学府","2"
"大理市","洱海公园","2"
"南岸区","盘龙立交","2"
"天河区","东圃(地铁站)","2"
"拱墅区","武林广场","2"
"铜梁区","怡园小区","2"
"南昌县","江西师范大学瑶湖校区","2"
"沙田区","香港中文大学","2"
"锦江区","春熙路","2"
"长安区","勒泰中心","2"
"崂山区","中国海洋大学崂山校区","2"
"秦淮区","南京夫子庙","2"
"芙蓉区","IFS国金中心","2"
"南岸区","万达广场(重庆南坪店)","2"
"中原区","郑州大学","2"
"南明区","贵阳阿哈湖国家湿地公园-杜鹃花谷","2"
"海淀区","清华大学","2"
"渝中区","菜园坝","2"
"龙华区","深圳北站","2"
"沙坪坝区","四川美术学院虎溪校区","2"
"思明区","中山路步行街","2"
"西城区","地安门","2"
"思明区","中山路","2"
"甘井子区","大连海事大学","2"
"凤凰县","凤凰南华门山庄","2"
"崇礼区","太舞度假小镇","2"
"通州区","花乡茶叶","2"
"岳麓区","长沙大学城·河西大学城","2"
"郫都区","电子科技大学清水河校区","2"
"雁塔区","西安软件园","2"
"海城区","涠洲岛-滴水丹屏景区","2"
"渝中区","二厂文创公园","2"
"崂山区","山东(青岛国际会展中心)","2"
"南岸区","弹子石","2"
"房山区","良乡","2"
"南山区","南头古城","2"
"洪山区","中南民族大学","2"
"长安区","南石家庄(公交站)","2"
"龙华区","观澜(地铁站)","2"
"江北区","东和城广场","2"
"渝中区","解放碑日月光民宿(和平路分店)","2"
"武昌区","司门口","2"
"二七区","二七广场","2"
"岱岳区","谷山林场","2"
"乐昌市","乐昌碧桂园","2"
"余杭区","阿里巴巴西溪A区","2"
"渝北区","照母山森林公园","2"
"渝中区","BAYU CROSSFIT(日月光购物中心店)","2"
"锦江区","成都太古里","2"
"渝中区","较场口(地铁站)","2"
"迎泽区","迎泽公园","2"
"洪山区","华中科技大学","2"
"鼓楼区","东街口","2"
"崂山区","丽达购物中心","2"
"湖里区","万达广场(厦门湖里店)","2"
"道里区","群力","2"
"滨江区","浦沿(地铁站)","2"
"上城区","中基宁波集团","2"
"江汉区","江汉路(地铁站)","2"
"渝中区","上新街索道站(索道站)","2"
"南岸区","山城饭局·市井江湖菜(南坪万达店)","2"
"渝中区","七星岗(地铁站)","2"
"徐汇区","龙华(地铁站)","2"
"西湖区","杭州西湖风景名胜区苏堤","2"
"浦东新区","上海国金中心商场","2"
"秦淮区","新街口步行街","2"
"长清区","山东师范大学长清湖校区","2"
"渭城区","中共咸阳市公安局渭城分局纪律检查委员会","2"
"玉龙纳西族自治县","巨甸派出所","2"
"丰台区","北京西站南广场","2"
"李沧区","青岛北站","2"
"景洪市","湄公河印象","2"
"北碚区","西南大学(北碚校区)","2"
"沙坪坝区","沙滨路","2"
"油尖旺区","海港城(港威商场)","2"
"番禺区","广州地铁新造车辆段","2"
"武昌区","徐家棚(地铁站)","2"
"海淀区","西二旗(地铁站)","2"
"瑶海区","新站区","2"
"萧山区","人民广场(地铁站)","2"
"镇安县","金钟村党员活动室","2"
"西城区","西直门(地铁站)","2"
"福田区","车公庙(地铁站)","2"
"鼓楼区","南京站(地铁站)","2"
"崇川区","虹桥街道办事处","2"
"深水埗区","西九龙地产","2"
"青浦区","青西郊野公园","2"
"南山区","宝能城","2"
"碑林区","桔子水晶西安钟楼酒店","2"
"福田区","岗厦(地铁站)","2"
"文登区","梦恋衣坊(金都大厦店)","2"
"番禺区","广州南站","2"
"拱墅区","国大城市广场","2"
"新城区","西安站","2"
"香坊区","黑龙江省医院香坊院区","2"
"天河区","珠江新城","2"
"喀什市","南湖公园","2"
"观山湖区","观山湖公园","2"
"黄岛区","湛园海德公园","2"
"柳北区","雀儿山公园","2"
"江北区","三板溪公园","2"
"和平区","沈阳万象城","2"
"历下区","泉城公园","2"
"长安区","清凉山森林公园","2"
"迎泽区","南海子公园","2"
"塔城市","乌苏市森林公园","2"
"石狮市","鸳鸯池公园","2"
"寿县","八公山风景区售票处","2"
"成安县","十二生肖公园","2"
"集美区","厦门大桥","2"
"肥西县","G40沪陕高速","2"
"闵行区","上海虹桥机场(公交站)","2"
"江岸区","武汉港","2"
"龙湾区","温州机场(公交站)","2"
"道里区","哈尔滨太平国际机场","2"
"九龙坡区","重庆万象城","2"
"灵武市","银川河东国际机场","2"
"蜀山区","合肥新桥国际机场","2"
"南海区","佛山沙堤机场","2"
"拱墅区","杭州西湖湖滨银泰CitiGO欢阁酒店","2"
"平度市","东升防水","2"
"朝阳区","北京首都国际机场2号航站楼","2"
"长宁区","长宁来福士","2"
"朝阳区","北京首都国际机场1号航站楼(暂停营业)","2"
"南川区","大坪路","2"
"白云区","人和镇人民政府","2"
"南海区","西樵","2"
"鼓楼区","鼓楼派出所","2"
"雨城区","上里古镇","2"
"洪山区","龚家岭收费站(S7武鄂高速西北向)","2"
"大竹县","新华广场","2"
"大渡口区","翠园路","2"
"集美区","御福酒业(禹洲中央海岸二期店)","2"
"叠彩区","北辰路与站前路交叉口","2"
"永康市","龙山镇人民政府","2"
"西山区","碧鸡关隧道","2"
"桐庐县","滨江路","2"
"昌平区","长峪城(暂停开放)","2"
"平山县","中山西路-路侧停车位","2"
"江汉区","中国福利彩票(江汉印象城B座店)","2"
"中原区","中原西路杏湾路(公交站)","2"
"新城区","向荣巷与自强东路交叉口","2"
"单县","君子路","2"
"绩溪县","饭甑尖","2"
"思明区","云顶岩寺","2"
"泗县","顺河村村民委员会","2"
"镇安县","G65包茂高速","2"
"越城区","S24绍诸高速","2"
"龙华区","阳台山","2"
"蔡甸区","龙阳大道","2"
"洪山区","光谷创业街","2"
"牡丹区","山东高速","2"
"祁东县","G72泉南高速","2"
"宁江区","G45大广高速入口(长春方向)","2"
"闵行区","闵浦大桥","2"
"兰溪市","G25长深高速","2"
"冠县","S1济聊高速","2"
"惠安县","台商区","2"
"丰满区","G1211吉黑高速","2"
"攸县","神农小区","2"
"四会市","四会市森普新材料科技有限公司","2"
"团风县","G4221沪武高速","2"
"和县","和县收费站(S22天天高速出口)","2"
"松桃苗族自治县","苗王城西收费站(S15松从高速入口)","2"
"郊区","G50沪渝高速","2"
"巴州区","G5012恩广高速","2"
"惠济区","郑州财经学院","2"
"平原县","G3京台高速","2"
"惠济区","京港澳高速口(公交站)","2"
"城东区","南滩派出所","2"
"茌平区","华鲁街与建设路交叉口","2"
"常宁市","S71华常高速","2"
"诸暨市","诸暨收费站(G60沪昆高速出口)","2"
"栖霞区","栖霞收费站(G25长深高速入口)","2"
"永康市","S27东永高速","2"
"花山区","马鞍山","2"
"苏仙区","郴州市儿童医院","2"
"黄陂区","黄陂区六指街道西湖村委会","2"
"桂东县","桂东县人民医院","2"
"朝阳区","北京银行(青年路支行)","2"
"会理市","滨河路","2"
"三河市","燕郊镇人民政府","2"
"郫都区","新民场","2"
"合浦县","廉州镇廉西小学","2"
"渝中区","牛角沱(地铁站)","2"
"莲湖区","申通快递(太白路)","2"
"康平县","东关屯派出所","2"
"汉阳区","马沧湖","2"
"惠阳区","白云嶂","2"
"彭水苗族土家族自治县","彭水妇幼保健院","2"
"万州区","重庆万友都成智电iDD长安新能源","2"
"大安区","国宝轮胎","2"
"小店区","北营新村丰景佳园","2"
"鄠邑区","黄柏峪","2"
"芙蓉区","解放西路","2"
"红花岗区","星力城A馆","2"
"丰台区","千灵山","2"
"红花岗区","遵义医学院(公交站)","2"
"福田区","深圳市福田中学","2"
"蒲城县","解放路","2"
"武昌区","武商梦时代","2"
"老城区","洛阳桥","2"
"长清区","长清大学城商业街","2"
"朝阳区","朝阳大悦城","2"
"盱眙县","国贸商城","2"
"路凼填海区","澳门上葡京综合度假村","2"
"渝中区","国泰广场","2"
"沙坪坝区","龙湖·U城","2"
"路北区","唐山吾悦广场","2"
"静安区","静安大悦城","2"
"思明区","厦门万象城","2"
"卫东区","湖岸新城","2"
"雁塔区","西安路","2"
"东方市","东方新天地","2"
"栖霞区","金鹰湖滨天地","2"
"南谯区","九九广场(美的专卖店)","2"
"湖里区","麦德龙(厦门湖里商场)","2"
"七里河区","兰州中心","2"
"未央区","西安城市运动公园","2"
"普陀区","上海月星环球港","2"
"东城区","东单(地铁站)","2"
"洪山区","武汉站","2"
"武侯区","大悦城","2"
"开福区","湖南国际金融大厦","2"
"历下区","济南恒隆广场","2"
"浦东新区","南浦广场公园","2"
"和平区","文化路","2"
"徐汇区","ENZO港汇恒隆广场","2"
"渝北区","两江新区","2"
"梁园区","归德路","2"
"大兴区","LIVAT荟聚(北京荟聚店)","2"
"碑林区","新艺城","2"
"芙蓉区","古曲路","2"
"东城区","南站幸福路","2"
"丛台区","丛台路","2"
"集美区","厦门园林博览苑","2"
"保靖县","梁山村村民委员会","2"
"固始县","观堂乡人民政府","2"
"船山区","天宫北路","2"
"奎文区","胜利东街","2"
"黄岛区","王家台后村级组织服务站","2"
"渭城区","新兴路","2"
"台山市","台电大坑水库","2"
"牡丹区","太湖路与济南路交叉口","2"
"兴庆区","杞福巷","2"
"武昌区","武昌站","2"
"凌源市","朝阳路","2"
"鹿城区","学院路","2"
"黄岛区","铁橛山路","2"
"武山县","洛门镇人民政府","2"
"会泽县","曙光小区","2"
"鹿泉区","获鹿镇人民政府","2"
"玄武区","紫金山","2"
"迁安市","磨石庵村公益电影放映点","2"
"坊子区","潍坊市坊子区凤凰街道社区卫生服务中心","2"
"小金县","巴朗山","2"
"北关区","安阳市实验中学","2"
"赤城县","后城镇人民政府","1"
"晋城区","市道路运输管理局(公交站)","1"
"宝山区","宜家家居(宝山商场)","1"
"静安区","交通公园","1"
"瓯海区","天长岭隧道","1"
"虹口区","上海外滩茂悦大酒店(装修中)","1"
"临渭区","乐天大街","1"
"洪山区","南湖校区社区居委会","1"
"浔阳区","南湖公园","1"
"皇姑区","瑞幸咖啡沈阳师范大学南区店","1"
"蜀山区","红鑫新村","1"
"吉阳区","三亚美高梅度假酒店","1"
"金水区","龙湖金融岛","1"
"普陀区","镇坪路(地铁站)","1"
"东湖区","农资公司小区","1"
"忻府区","忻州师范学院(新校区)","1"
"荔湾区","周门","1"
"武侯区","四川省成都市武侯高级中学","1"
"长安区","龚尚嘉苑","1"
"杨陵区","西北农林科技大学北校区","1"
"闵行区","上海交通大学闵行校区密西根学院","1"
"闽侯县","福州大学旗山校区","1"
"鄂城区","银河山庄","1"
"大理市","正阳时代广场(正阳女人淘宝大世界西南)","1"
"城关区","雁滩北面滩新村","1"
"长宁区","东华大学延安路校区","1"
"怀柔区","范崎路","1"
"李沧区","东李村(公交站)","1"
"丰泽区","万达广场(泉州浦西店)","1"
"思明区","曾厝垵","1"
"竞秀区","保定万博广场","1"
"西夏区","宁夏大学贺兰山校区","1"
"裕华区","Tineco添可(万达旗舰店)","1"
"沙坪坝区","重庆大学A区学生公寓","1"
"江南区","良凤江国家森林公园","1"
"平谷区","金海湖","1"
"中西区","香港大学","1"
"天河区","天鹅花苑","1"
"北辰区","天津市公安局北辰分局","1"
"平城区","大同古城","1"
"南康区","赣州西站","1"
"昆山市","昆玉九里","1"
"乳山市","威海乳山市银滩海滩","1"
"兴宁区","广西壮族自治区药用植物园","1"
"萧山区","浙江省萧山中学","1"
"祁阳市","陶铸公园","1"
"南开区","天津大学卫津路校区","1"
"雁塔区","龙湖西安曲江星悦荟","1"
"越秀区","白云山风景名胜区售票处","1"
"忠县","福田小区","1"
"兴宁区","盛天东郡","1"
"朝阳区","北京银泰中心in01","1"
"皇姑区","辽河","1"
"海淀区","海淀区第二实验小学(清宁校区)","1"
"渝中区","魁星楼","1"
"青山区","锦林公园","1"
"和平区","中山广场","1"
"西湖区","荷花苑","1"
"洪山区","湖北工业大学","1"
"长沙县","长沙黄花国际机场","1"
"武侯区","成都王府井购物中心(科华店)","1"
"海淀区","首尔798韩国料理地区(五道口东源店)","1"
"南岸区","长嘉汇","1"
"泸水市","怒江大峡谷","1"
"海淀区","玉渊潭公园","1"
"卧龙区","南阳师范学院","1"
"阳朔县","阳朔栖溪美地度假酒店","1"
"渝中区","嘉陵江大桥","1"
"管城回族区","郑州市管城回族区人民医院","1"
"绥中县","风景区(公交站)","1"
"西城区","景山公园","1"
"新建区","江西禹港国际卡丁车馆","1"
"黄浦区","上海共舞台","1"
"和平区","天津广播电视台(卫津路)","1"
"宝安区","金域豪庭","1"
"开福区","湖南博物院","1"
"龙华区","民治(地铁站)","1"
"武昌区","海底世界","1"
"嘉定区","罗家路","1"
"花溪区","贵州大学东校区","1"
"泉山区","三胞国际广场","1"
"芙蓉区","司门口","1"
"吴中区","海底捞火锅(悠方店)","1"
"江夏区","俪湖天地","1"
"城厢区","凤达山庄","1"
"新津区","成都市新津区人民政府","1"
"渝中区","重庆佛图关公园","1"
"中西区","皇后中心","1"
"龙华区","龙华(地铁站)","1"
"朝阳区","中华民族博物院","1"
"鼓楼区","金地商都(徐州彭城店)","1"
"渝中区","重庆美术馆","1"
"岳麓区","中南大学北校区","1"
"青州市","平章府","1"
"双塔区","慧敏冷面麻辣烫(凌水家园店)","1"
"南山区","深圳保利文化广场","1"
"泉山区","中国矿业大学文昌校区","1"
"渝北区","龙溪(地铁站)","1"
"金坛区","茅山服务区","1"
"海城区","涠洲岛","1"
"天涯区","三亚湾红树林度假世界","1"
"金水区","河南省人民医院科教大厦","1"
"朝阳区","伊藤洋华堂","1"
"浦东新区","南码头","1"
"台江区","鳌峰苑","1"
"鼓楼区","一南创意空间","1"
"朝阳区","北京朝阳站(地铁站)","1"
"吴中区","湖东新街口","1"
"昌平区","北京科技职业学院","1"
"城北区","中国藏医药文化博物馆","1"
"朝阳区","四惠桥","1"
"石景山区","北方工业大学","1"
"昌平区","华北电力大学","1"
"庐江县","桂元村村委会","1"
"上城区","城站路与清泰街交叉口","1"
"尖草坪区","太原市森林公园","1"
"红塔区","筑友集团云南玉溪科技园(建设中)","1"
"云岩区","金阳南路(南)(公交站)","1"
"凯里市","快活林亮欢寨","1"
"渝中区","重庆来福士洲际酒店","1"
"花溪区","甲秀南路","1"
"昆山市","东苏克路","1"
"平乡县","信誉楼","1"
"斗门区","接霞庄","1"
"鲤城区","炉边炭","1"
"屯溪区","黄山栢景假日酒店","1"
"渝中区","渝宗火锅(得意潮馆店)","1"
"嘉定区","右岸嘉园","1"
"吴中区","天池山","1"
"碑林区","中贸广场","1"
"门头沟区","石门营收费站(西六环入口)","1"
"渝中区","上清寺","1"
"大兴区","北臧村镇人民政府","1"
"洪山区","清江山水","1"
"东城区","天安门","1"
"天河区","华南理工大学五山校区","1"
"南山区","深圳大学粤海校区","1"
"中宁县","中宁县恩和镇宋庄","1"
"历城区","黑龙峪村民委员会","1"
"盘龙区","昆明植物园","1"
"渝中区","朝天门码头","1"
"秀英区","晨晖·西海岸广场","1"
"拱墅区","下城区综合楼","1"
"西山区","昆明市海口林场森林公园","1"
"和平区","天津天河城购物中心(金街店)","1"
"海淀区","西土城(地铁站)","1"
"黄陂区","巢上城","1"
"新都区","三合嘉苑","1"
"福田区","信息枢纽大厦","1"
"朝阳区","长春工业大学南湖校区","1"
"天河区","海心沙亚运公园","1"
"朝阳区","弘善家园","1"
"东城区","北京东直门三里屯王府井公寓","1"
"西湖区","浙江大学(玉泉校区)","1"
"天河区","华南农业大学","1"
"章贡区","赣州市人民医院","1"
"碑林区","西北大学太白校区","1"
"克什克腾旗","乌兰布统景区","1"
"武昌区","武汉大学工学部","1"
"海淀区","北京西山国家森林公园鬼笑石","1"
"泰山区","山东农业大学泮河校区学生公寓","1"
"桥西区","顺美华庭","1"
"润州区","大华面馆","1"
"颍东区","岳家湖公园","1"
"澄海区","和翔花园","1"
"徐汇区","衡山路(地铁站)","1"
"普宁市","星河驾校","1"
"泉山区","雨润新城","1"
"西城区","杨梅竹斜街","1"
"古城区","麒麟庄园","1"
"成华区","万象城二期","1"
"青浦区","朱家角","1"
"栖霞区","亚东商业广场","1"
"金平区","乐业园小学","1"
"龙文区","龙文互通主线桥","1"
"崂山区","青岛科技大学(崂山校区)","1"
"秦都区","陕西国际商贸学院","1"
"渝中区","赛格尔国际大厦","1"
"屯溪区","老街","1"
"白云区","六片山","1"
"南山区","南山村(公交站)","1"
"市南区","香港中路","1"
"南关区","净月潭国家森林公园","1"
"东营区","银座商城(东城店)","1"
"通州区","首创国际半岛展位(暂停营业)","1"
"广阳区","廊坊市自然公园-欢乐动物园","1"
"虹口区","逸仙路","1"
"龙岗区","龙岗老干中心(公交站)","1"
"浦东新区","高行绿洲五期","1"
"建水县","朱家花园","1"
"朝阳区","呼家楼(地铁站)","1"
"秦淮区","先锋书店(老门东店)","1"
"吉阳区","三亚亚龙湾国家旅游度假区","1"
"老城区","隋唐洛阳城应天门遗址","1"
"岳麓区","潇湘奥林匹克花园","1"
"虞城县","木兰大道","1"
"合川区","重庆市合川区双凤镇佛山村村民委员会","1"
"南山区","哈尔滨工业大学深圳校区","1"
"上城区","杭州湖滨银泰in77","1"
"碑林区","雁塔立交","1"
"锦江区","成都娇子音乐厅","1"
"裕华区","维多利亚时代","1"
"城关区","东岗立交桥","1"
"天河区","黄埔大道(地铁站)","1"
"慈溪市","北仑上海","1"
"武昌区","台铃电动车(白沙洲大道店)","1"
"南山区","深圳湾公园","1"
"河东区","保利管道(U6街区店)","1"
"南明区","花果园","1"
"江北区","天主教重庆总教区江北城德肋撒天主堂","1"
"龙岗区","桂芳园6期","1"
"雨花台区","阅城国际花园","1"
"闵行区","龙湖虹桥天街购物中心","1"
"沈河区","新华科技大厦","1"
"蔡甸区","沌口","1"
"青羊区","人民公园","1"
"台山市","海宴镇望头村新时代文明实践站","1"
"仓山区","仓山园生活区","1"
"海淀区","北京电影制片厂(装修中)","1"
"长寿区","祠堂","1"
"福田区","莲花山公园","1"
"南沙区","黄阁(地铁站)","1"
"钱塘区","庆菱路","1"
"天心区","华银南苑","1"
"洪山区","洪山区行政中心","1"
"静安区","余姚路与胶州路交叉口","1"
"顺义区","东六环","1"
"宝山区","上大聚丰园","1"
"余姚市","横省石牌坊","1"
"鱼峰区","窑埠古镇","1"
"杏花岭区","桃园二巷","1"
"历下区","燕山","1"
"海沧区","蓝月湾(公交站)","1"
"阳朔县","龙胜管","1"
"沙坪坝区","渣滓洞监狱旧址","1"
"永顺县","杉木村农贸市场","1"
"黄岛区","青岛西海岸新区","1"
"番禺区","洛浦路","1"
"江北区","徐悲鸿故居","1"
"璧山区","缤舍酒店(成都春熙路店)","1"
"武进区","麻省理功-深海烤鱼(江南环球港店)","1"
"玄武区","明孝陵景区","1"
"官渡区","官渡森林公园","1"
"丘北县","普者黑风景区","1"
"黃大仙区","彩云村","1"
"泰山区","泰安汽车总站","1"
"昌乐县","昌乐桂河湿地公园","1"
"渝北区","花卉园","1"
"静安区","新德公寓","1"
"天心区","芙蓉南路","1"
"铁东区","玉佛山风景区-二一九公园","1"
"浦东新区","曹路(地铁站)","1"
"巴南区","巴滨路","1"
"海珠区","南洲(地铁站)","1"
"宝安区","福永(地铁站)","1"
"锦江区","成都IFS-座椅","1"
"沙依巴克区","新疆农业大学(老满城校区)","1"
"琼山区","东环广场","1"
"天桥区","南益·名泉春晓","1"
"天宁区","红梅公园","1"
"芝罘区","华信家园","1"
"襄都区","邢台学院","1"
"清新区","清新体育公园","1"
"渝北区","恒大中渝广场","1"
"北关区","曙光小区(永安街)","1"
"拱墅区","凤起路(地铁站)","1"
"甘州区","金阳国际饭店","1"
"罗定市","罗定风车山","1"
"金牛区","营门口","1"
"西乡塘区","万秀新村","1"
"惠阳区","惠阳碧桂园(公交站)","1"
"临潼区","西安市临潼区北十字仟禧自助涮烤店","1"
"章贡区","万福人家(金丰路)","1"
"江阳区","富华泸州桂圆","1"
"秦淮区","江南贡院","1"
"江南区","南宁吴圩国际机场","1"
"罗湖区","东门町广场","1"
"桓仁满族自治县","桓仁客运站","1"
"莲湖区","龙首原(地铁站)","1"
"黔江区","赤峰装饰","1"
"茅箭区","星语特教十堰中心校区","1"
"滨湖区","蠡湖大桥","1"
"吉阳区","三亚太阳湾柏悦酒店","1"
"顺德区","佛山一环","1"
"江城区","新都汇时代广场","1"
"宝塔区","延安新区","1"
"浦东新区","上海海洋大学(临港校区)","1"
"津南区","天津市咸水沽第一中学","1"
"渝中区","李子坝(地铁站)","1"
"鼓楼区","金陵饭店","1"
"洪山区","喻园小区一期","1"
"建德市","城中村村委会","1"
"兰山区","华润中心","1"
"江宁区","南京工程学院(江宁校区)","1"
"武进区","富克斯流行广场","1"
"市中区","济南大学主校区","1"
"南山区","南山公园","1"
"古城区","丽江和府洲际度假酒店","1"
"南岗区","红博会展购物广场","1"
"钱塘区","江东(公交站)","1"
"武昌区","楚河汉街","1"
"梁溪区","茂业天地(清扬店)","1"
"涧西区","华阳广场国际大饭店","1"
"香坊区","秋林食品(往事专卖店)","1"
"南湖区","南湖路","1"
"上城区","宁波银行(吴山小微企业专营支行)","1"
"清江浦区","钵池山公园","1"
"都江堰市","龙池国家森林公园","1"
"路桥区","台州市路桥中学","1"
"渝北区","重庆渝融豪生酒店","1"
"滨城区","上海世家","1"
"河西区","天津医学高等专科学校","1"
"朝阳区","望京","1"
"白云区","广州市白云山风景名胜区","1"
"宝安区","维也纳酒店(深圳国际会展中心西环路店)","1"
"徐汇区","环贸 iAPM","1"
"历城区","百花小区","1"
"渝北区","两路","1"
"福田区","深圳会展中心","1"
"武清区","武清仁和医院","1"
"南开区","南开大学校园快递","1"
"渝北区","黄泥塝","1"
"利津县","东营银行","1"
"渝北区","悦来会展中心","1"
"萨尔图区","大庆油田总医院","1"
"驿城区","驻马店市第四人民医院","1"
"邗江区","佳家花园","1"
"金牛区","抚琴(地铁站)","1"
"曹妃甸区","华北理工大学曹妃甸校区","1"
"九龙坡区","中新城上城地下停车场","1"
"福田区","深圳中心公园","1"
"南开区","三角洲军马酒(万明里店)","1"
"开州区","汉丰","1"
"章贡区","赣南师范大学","1"
"洪山区","武汉职业技术学院东区都市丽人服装学院","1"
"新建区","昌盛大药房万达旅游城店","1"
"秀英区","五源河体育场","1"
"青秀区","青秀山风景区","1"
"天心区","贺龙体育馆","1"
"西城区","北京师范大学附属实验中学(北校区)","1"
"西青区","天津工大宾馆","1"
"岳麓区","湖南第一师范学院(东方红校区)","1"
"金水区","郑州市森林公园","1"
"薛城区","枣庄职业学院","1"
"碑林区","乐居场小区","1"
"西湖区","杨公堤","1"
"邗江区","瘦西湖风景区-凉亭","1"
"长宁区","ibp国际会议中心","1"
"蓟州区","盘山","1"
"青山湖区","南昌大学青山湖校区北区","1"
"市南区","青岛中山公园","1"
"安福县","万家批发商行","1"
"金水区","河南省人民医院","1"
"朝阳区","建国门(地铁站)","1"
"姑苏区","桐泾公园","1"
"南湖区","马家浜考古遗址公园","1"
"沙坪坝区","磁器口古镇","1"
"端州区","北岭山森林公园","1"
"大理市","大理古城","1"
"天河区","广东奥林匹克体育中心","1"
"城关区","圣象天门服务中心","1"
"文峰区","万达广场(安阳店)","1"
"南山区","深圳华侨城旅游度假区-生态广场","1"
"赛罕区","内蒙古农业大学西校区","1"
"二七区","康桥溪山御府","1"
"武侯区","成都市高新区","1"
"大理市","大冰的小屋","1"
"武昌区","湖北大学(地铁站)","1"
"浦东新区","上海天然气管网有限公司(华夏西路)","1"
"南山区","蛇口大厦","1"
"徐汇区","宜家家居(上海徐汇商场)","1"
"普陀区","海底捞外送(金通路店)","1"
"江岸区","武汉科学技术馆","1"
"龙华区","观澜版画村版画基地","1"
"姑苏区","虎丘区","1"
"涧西区","王府井购物中心","1"
"松江区","九峰居委会退役军人服务站","1"
"垫江县","桂阳街道(公交站)","1"
"余杭区","杭州师范大学仓前校区","1"
"浦口区","南京信息工程大学水文气象学院","1"
"大兴区","国家林业和草原局管理干部学院","1"
"蒸湘区","银泰红城(建设中)","1"
"临沭县","红石湖公园","1"
"隆化县","茅荆坝森林公园","1"
"顺德区","欢乐海岸PLUS","1"
"长安区","西北大学附属中学郭杜校区","1"
"西城区","广济寺","1"
"海淀区","空军特色医学中心南楼停车场","1"
"西城区","旧鼓楼大街","1"
"三河市","燕郊","1"
"金水区","河南水利与环境职业学院花园路校区","1"
"福田区","深圳市少年宫(装修中)","1"
"河东区","天津市河东区职工大学","1"
"鼓楼区","南京艺术学院","1"
"江北区","朝天门长江大桥","1"
"姑苏区","山塘街","1"
"渝中区","史记记忆火锅(洪崖洞总店)","1"
"渝北区","良玛装饰","1"
"秦都区","中国西部科技创新港陕建指挥部","1"
"金牛区","成都欢乐谷","1"
"武侯区","李子坝九宫格火锅(中铁瑞城3号线店)","1"
"海曙区","鼓楼","1"
"大堂区","葡文书局","1"
"闵行区","莘庄(地铁站)","1"
"闵行区","勇卫商务大厦","1"
"碑林区","西安交通大学兴庆校区","1"
"罗湖区","深圳嘉里中心","1"
"东昌府区","聊大花园","1"
"嘉善县","西塘古镇景区","1"
"沙河口区","东北财经大学","1"
"龙亭区","河南大学金明校区","1"
"杨浦区","复旦大学邯郸校区","1"
"章贡区","马祖岩村委会","1"
"莲湖区","樊记腊汁肉","1"
"天河区","华南师范大学(广州校区石牌校园)","1"
"习水县","三元大桥","1"
"槐荫区","济南西站","1"
"尧都区","临汾职业技术学院","1"
"徐汇区","印象欧洲","1"
"洛龙区","三星超市","1"
"徐汇区","西木小区","1"
"武昌区","武汉大学图书馆(总馆)","1"
"武昌区","洪山礼堂广场","1"
"海淀区","北京大学","1"
"秦淮区","瞻园","1"
"城关区","兰州大学城关校区","1"
"临安区","浙江农林大学东湖校区","1"
"邗江区","新城花园(维扬路)","1"
"雁山区","广西师范大学(雁山校区)","1"
"浦东新区","上海美豪丽致酒店管理有限公司","1"
"龙岗区","横岗","1"
"阿拉善左旗","喀格图","1"
"渝中区","庆隆·海客瀛洲","1"
"大兴区","大羊坊收费站(G2京沪高速东南向)","1"
"崂山区","中国海洋大学崂山校区图书馆","1"
"丰台区","角门西里七号院","1"
"西山区","十里长街","1"
"朝阳区","外企大厦","1"
"青阳县","九华山风景区","1"
"浦东新区","东方体育中心(地铁站)","1"
"天河区","广州图书馆","1"
"田家庵区","百花园小区","1"
"九龙城区","常乐村","1"
"渝中区","两路口皇冠大扶梯","1"
"东昌府区","聊城大学东校区","1"
"加格达奇区","北极村","1"
"万州区","翠屏村村民委员会","1"
"涪陵区","金科·天湖小镇","1"
"秀洲区","思古桥村农产品电商中心","1"
"卢龙县","岳各庄村民委员会","1"
"罗湖区","世界金融中心","1"
"武昌区","BouchonBistro·布熊小馆(万达行政公馆店)","1"
"西青区","杨柳青","1"
"北仑区","世茂·世界湾花园","1"
"海淀区","联想总部(北京)园区","1"
"武侯区","建林宾馆","1"
"龙岗区","九州家园","1"
"北湖区","恒大华府(寒溪路)","1"
"龙海市","漳州站","1"
"虹口区","外滩99","1"
"建邺区","万达影城(建邺万达广场店)","1"
"虹口区","创富大厦(大连路)","1"
"黄岛区","岳都海景公寓","1"
"水城区","玉舍收费站(G56杭瑞高速出口)","1"
"萨尔图区","万达广场(大庆萨尔图店)","1"
"望城区","澳海·澜庭","1"
"玄武区","中山陵景区","1"
"雨花区","吉联MALL","1"
"番禺区","大石(地铁站)","1"
"柳南区","龙屯立交桥","1"
"浦东新区","东方明珠广播电视塔(公交站)","1"
"朝阳区","太阳宫村","1"
"江宁区","东山","1"
"宝安区","公明充电","1"
"威远县","李子坝村村民委员会","1"
"东城区","北京站","1"
"勐腊县","中国科学院西双版纳热带植物园","1"
"红旗区","河南科技学院图书馆","1"
"上城区","湖滨步行街","1"
"旅顺口区","大连医科大学","1"
"小店区","西安烤面筋","1"
"丰泽区","星光耀","1"
"城关区","兰州大学第二医院本部","1"
"昌乐县","昌乐县中医院","1"
"盐田区","盐田港","1"
"江夏区","豹澥街道社区居委会","1"
"龙山县","里耶古城遗址(装修中)","1"
"建德市","姜山路","1"
"嵩县","滨河路","1"
"色尼区","银河大酒店","1"
"平城区","大同大学(御东校区南校区)","1"
"洪山区","农科院社区居委会","1"
"南山区","百姓家经济酒店","1"
"玄武区","白马公园","1"
"闵行区","万科时一区","1"
"温江区","成都新城旅馆","1"
"雨花台区","西善桥","1"
"未央区","西安北站","1"
"秦州区","伏羲路步行街","1"
"海珠区","新港西路","1"
"津南区","津南新城(公交站)","1"
"姑苏区","平江路","1"
"淳安县","阳光水岸度假村","1"
"武侯区","四川省体育馆","1"
"广安区","广安高新区创新创业服务中心","1"
"云岩区","黄果树大厦","1"
"泉山区","盛普轮胎(京怀汽配城)前置仓","1"
"伊宁市","温州商贸城(青年街)","1"
"番禺区","大学城馨园","1"
"钱塘区","杭州师范大学下沙校区","1"
"长安区","长安广场(地铁站)","1"
"庐阳区","杏花公园","1"
"长垣市","新乡市宏达卫材有限公司","1"
"宝安区","石岩汽车站","1"
"九龙城区","华信街红磡(北)渡轮码头(轮渡站)","1"
"青浦区","东方绿舟","1"
"江北区","龙湖重庆春森星悦荟","1"
"包河区","包公园","1"
"洛龙区","绿都·塞纳春天","1"
"江口县","梵净山风景区","1"
"闵行区","莘城公寓","1"
"环翠区","山东药品食品职业学院","1"
"贾汪区","徐州市贾汪区人民医院","1"
"仓山区","金色康城","1"
"渝中区","英利大融城","1"
"历城区","汉峪金谷","1"
"德城区","北园居住小区","1"
"和平区","如家商旅(意大利风情街店)停车场(入口)","1"
"南沙区","长安粘胶","1"
"张店区","山东理工大学","1"
"海淀区","新兴宾馆(普惠西街)","1"
"南浔区","南浔古镇","1"
"仓山区","福建农林大学(金山校区)","1"
"市南区","青岛路","1"
"渝中区","洪崖洞夜市街区","1"
"渝中区","长江大桥","1"
"晋江市","清濛村委会","1"
"榕城区","环市北河大桥","1"
"西城区","神武门(公交站)","1"
"蓝田县","小寨村村委会","1"
"柳南区","革新路","1"
"昆山市","林湖别墅","1"
"南山区","星巴克(深圳阿里中心店)","1"
"渝北区","金港国际","1"
"牟平区","山东中医药高等专科学校","1"
"市中区","青铜山","1"
"甘井子区","大连工业大学","1"
"青秀区","南宁中房","1"
"章贡区","青年路中(公交站)","1"
"武夷山市","武夷学院","1"
"江北区","东原中心写字楼","1"
"驿城区","乐山大道","1"
"昆山市","毛许路","1"
"长宁区","上海龙之梦大酒店","1"
"桥西区","万象城","1"
"长安区","石家庄市北高营小学","1"
"南山区","创维大厦","1"
"叠彩区","漓江景区竹筏游览售票处","1"
"宝山区","吴淞","1"
"凤泉区","东张门村卫生所","1"
"锡山区","无锡东站","1"
"长安区","河北医科大学中山校区","1"
"朝阳区","吉林大学前卫南区","1"
"未央区","珠江新城","1"
"芝罘区","南山公园","1"
"八步区","灵峰商业步行街","1"
"姑苏区","苏州站","1"
"朝阳区","中国传媒大学","1"
"城口县","临江门(地铁站)","1"
"莲都区","九龙国家湿地公园","1"
"开福区","潮宗御苑","1"
"榆阳区","古塔镇人民政府","1"
"漳浦县","杜浔镇人民政府","1"
"文峰区","商颂大街","1"
"荔城区","美年大健康体检中心(莆田分院)","1"
"汝州市","洗耳河","1"
"海淀区","后厂村路","1"
"武侯区","四川大学望江校区","1"
"米东区","古牧地镇人民政府","1"
"南海区","狮山镇人民政府","1"
"崇川区","南通职业大学","1"
"汇川区","董公寺社区卫生服务中心","1"
"武侯区","少陵路","1"
"万州区","中渝·滨江壹号","1"
"老城区","邙山","1"
"青秀区","老牌柳来香螺蛳粉(星湖路店)","1"
"顺德区","佛山市顺德区容桂街道(社保分厅)","1"
"滨江区","迎春南苑","1"
"平川区","小红门","1"
"甘井子区","凌南路","1"
"惠东县","惠东巽寮湾咸泉庄园度假酒店","1"
"萧山区","风尚锐体智慧健身空间(海上明月店)","1"
"湘潭县","湖南科技大学","1"
"卢龙县","卢龙服务区","1"
"洪山区","狮子山街","1"
"兴宾区","西山小区一期","1"
"福清市","福清站","1"
"徐汇区","上海植物园","1"
"岳麓区","东方红广场","1"
"路凼填海区","金光综艺馆","1"
"浦口区","南京信息工程大学滨江学院","1"
"海珠区","江南西(地铁站)","1"
"滨海新区","天津市滨海新区大沽街道总工会","1"
"永吉县","珠江家园","1"
"番禺区","钟村","1"
"潍城区","西城名都","1"
"尧都区","汾河公园","1"
"鼓楼区","南京大学鼓楼校区","1"
"渝中区","化龙桥(地铁站)","1"
"兰山区","临西五路","1"
"黄浦区","上海交通大学医学院附属瑞金医院卢湾分院","1"
"黄浦区","田子坊","1"
"天河区","广园立交桥","1"
"西湖区","南昌大桥","1"
"余杭区","杭州市临平区临平第一中学(望梅校区)","1"
"甘井子区","华东人家","1"
"兰山区","临沂大学","1"
"海淀区","新街口豁口(公交站)","1"
"槐荫区","济南世购商贸广场","1"
"武侯区","成都高新技术产业开发区","1"
"普陀区","上海市普陀区人民医院","1"
"顺义区","花梨坎(地铁站)","1"
"余杭区","杭州石上石材护理有限公司","1"
"西峡县","古城街","1"
"渝北区","天宫殿小区","1"
"红桥区","聚鑫祥殡葬服务站","1"
"和平区","滨江道步行街","1"
"丰台区","印刷宿舍大院","1"
"邗江区","京华城","1"
"丰台区","马连道路","1"
"江宁区","将军大道","1"
"二道区","万科上东区","1"
"武侯区","苏宁广场","1"
"东丽区","橡树湾","1"
"白云区","永泰(地铁站)","1"
"玉泉区","昭君路","1"
"龙潭区","吉林市龙潭区人民政府","1"
"江宁区","秦淮河风光带","1"
"芗城区","九龙城(新华东路)","1"
"龙口市","大王村民委员会","1"
"二七区","郑州大学第一附属医院(河医院区)","1"
"忻府区","七一北路","1"
"龙华区","玉沙京华城(公交站)","1"
"江油市","龙架山","1"
"白塔区","辽阳万达广场(童)","1"
"鼓楼区","世界金龙大厦","1"
"巴南区","龙洲湾商街","1"
"瓯海区","梧田街","1"
"巴林左旗","巴林左旗中蒙医院","1"
"福清市","福州市江镜华侨经济开发区","1"
"南海区","大沥镇人民政府","1"
"洪山区","武汉软件新城","1"
"西岗区","中央复兴里","1"
"香坊区","玻璃钢研究院(公交站)","1"
"天河区","广州(天河南步行街店)","1"
"古城区","丽江古城博物院-木府","1"
"诸城市","威尼斯酒店","1"
"兴化市","金储村村民委员会","1"
"庐山市","庐山国家级旅游风景名胜区","1"
"岳麓区","岳麓山","1"
"海珠区","琶洲(地铁站)","1"
"油尖旺区","旺角东(地铁站)","1"
"成华区","成都东站","1"
"鼓楼区","鼓楼医院","1"
"温江区","成都中医药大学温江校区","1"
"惠城区","惠新西街","1"
"龙岗区","布吉(地铁站)","1"
"海淀区","北京市海淀区科学技术协会","1"
"盘龙区","虹桥(地铁站)","1"
"雁塔区","陕西历史博物馆","1"
"越秀区","农讲所(地铁站)","1"
"宁化县","闽赣加油站(建设中)","1"
"西城区","陶然亭公园","1"
"洪山区","中国地质大学(西区)","1"
"岳麓区","阜埠河(地铁站)","1"
"梁平区","人民广场(公交站)","1"
"朝阳区","立水桥(地铁站)","1"
"海淀区","清河站","1"
"渝中区","石油路","1"
"天河区","华南国家植物园","1"
"渝中区","十八梯茶楼(熊猫公馆店)","1"
"邹平市","望京村(公交站)","1"
"姑苏区","虹桥","1"
"福田区","黄木岗(地铁站)","1"
"徐汇区","徐家汇","1"
"青羊区","天府广场(地铁站)","1"
"虹口区","赤峰路(地铁站)","1"
"青浦区","国家会展中心(上海)","1"
"越秀区","白马商贸大厦","1"
"江宁区","秣周东路(地铁站)","1"
"朝阳区","吉林省中医药科学院第一临床医院","1"
"龙泉驿区","四川财经职业学院","1"
"思明区","厦门站","1"
"襄都区","五一广场(建设中)","1"
"杨浦区","上海市杨浦区四平街道敬老院","1"
"玄武区","南京德基广场","1"
"长寿区","冉家湾大桥","1"
"秦淮区","金鹰国际购物中心(新街口店)","1"
"浦东新区","上海科技馆(装修中)","1"
"海原县","宁夏海原县新宇晟枸杞专业合作社","1"
"秦淮区","南京市秦淮区夫子庙街道办事处","1"
"青秀区","南湖公园","1"
"集美区","厦门北站","1"
"钱塘区","江东客运站","1"
"上城区","龙翔桥(地铁站)","1"
"钱塘区","钱塘市民中心","1"
"中西区","City Hall Marriage Registry","1"
"台江区","宝龙广场-兴元(宝龙城市广场南区B店)","1"
"武侯区","招商花园城-POP MART(高新招商花园城北区店)","1"
"青秀区","凤起路","1"
"上城区","杭州西湖风景名胜区-汪宅","1"
"承德县","六沟镇人民政府","1"
"余杭区","西溪国家湿地公园洪园","1"
"浏阳市","德政园","1"
"汉阳区","王家湾(地铁站)","1"
"鲁甸县","春熙路","1"
"宝安区","前海集翔","1"
"爱民区","兴东小区","1"
"余杭区","良渚","1"
"龙岗区","宝龙同乐(地铁站)","1"
"坪山区","贡茶(龙翔学校店)","1"
"静安区","南京西路(地铁站)","1"
"灯塔市","十里河","1"
"武昌区","湖北中医药大学昙华林校区","1"
"浦东新区","中国科学院上海药物研究所","1"
"瑶海区","合肥站","1"
"武侯区","奥克斯广场","1"
"江都区","三阳路","1"
"番禺区","番禺广场(地铁站)","1"
"静安区","静安寺(地铁站)","1"
"茂县","黄木岗","1"
"南山区","南山(地铁站)","1"
"岳麓区","长沙银盆岭万达广场","1"
"松江区","九亭(地铁站)","1"
"番禺区","番禺广场","1"
"武昌区","螃蟹岬(地铁站)","1"
"和平区","五大道文化旅游区","1"
"平阳县","龙阳路","1"
"珠山区","蒙特利","1"
"渝北区","冉家坝(地铁站)","1"
"徐汇区","中环(徐汇)绿廊","1"
"黄埔区","大沙地(地铁站)","1"
"天河区","天河南(地铁站)","1"
"临潼区","北大街","1"
"开福区","中南大学湘雅医院","1"
"黄浦区","上海世茂广场","1"
"西城区","北京大栅栏","1"
"石台县","虎泉山庄","1"
"青秀区","民族大道","1"
"武陟县","武陟医院","1"
"天河区","美好居","1"
"蜀山区","万象城","1"
"海淀区","百望山森林公园","1"
"龙华区","海口人民公园","1"
"张店区","淄博市植物园","1"
"龙岗区","西涌旅游度假区","1"
"泉山区","云龙公园","1"
"邯山区","滏阳公园","1"
"富顺县","银河歌城KTV","1"
"乐都区","湟水","1"
"武昌区","紫阳湖公园站自行车租赁点","1"
"密山市","航空公园","1"
"七星区","七星景区","1"
"安吉县","湖州儿童公园","1"
"敦化市","雁鸣湖镇政府","1"
"涞水县","乾荣世纪公园","1"
"禹会区","张公山公园","1"
"五华区","中国科学院西双版纳热带植物园(昆明分部)","1"
"美兰区","白沙","1"
"婺城区","常乐小区","1"
"头屯河区","头屯河谷森林公园地面停车场(出入口)","1"
"西湖区","西溪国家湿地公园","1"
"常熟市","虞山国家森林公园","1"
"南沙区","黄山鲁森林公园","1"
"花山区","雨山湖公园","1"
"站前区","辽河公园","1"
"滨湖区","锡惠公园(惠河路)(公交站)","1"
"阳明区","阳明公园","1"
"福田区","深圳市民中心","1"
"浦东新区","世纪公园","1"
"海淀区","北坞公园","1"
"城中区","柳侯公园","1"
"海淀区","首都师范大学","1"
"荥阳市","郑州市万山森林公园","1"
"祁阳市","桂林村村民委员会","1"
"伊美区","北山公园","1"
"二七区","郑州市人民公园","1"
"平桥区","花园路","1"
"中山区","港湾广场(地铁站)","1"
"青羊区","泡桐树中学百仁校区","1"
"中原区","西流湖公园","1"
"江汉区","武汉商务区站商业街","1"
"湟中区","青海弘大(公交站)","1"
"金川区","前滩","1"
"市南区","青岛太平角公园","1"
"花都区","天坛公园","1"
"苍溪县","龙江世纪","1"
"电白区","市民公园","1"
"北湖区","北湖公园","1"
"句容市","赤山湖国家湿地公园","1"
"麦积区","马跑泉公园","1"
"常熟市","虞山公园","1"
"朝阳区","镇海寺郊野公园","1"
"南昌县","艾溪湖森林湿地公园","1"
"莲都区","碧湖镇人民政府","1"
"连山区","三角公园","1"
"朝阳区","杜仲公园","1"
"西湖区","西溪公园","1"
"思明区","三一堂","1"
"荔湾区","陈家祠社区居民委员会","1"
"水磨沟区","红山公园","1"
"潼南区","重庆市潼南区新胜镇盘山村退役军人服务站","1"
"石景山区","门城湖","1"
"龙泉驿区","青龙湖湿地公园","1"
"姑苏区","拙政园","1"
"宝山区","顾村公园","1"
"青羊区","中坝(地铁站)","1"
"洪山区","现代森林花园","1"
"长宁区","中山公园","1"
"北戴河区","鲁迅公园","1"
"新城区","大明宫国家遗址公园","1"
"天河区","花城广场","1"
"朝阳区","奥林匹克森林公园北园","1"
"海港区","秦皇岛森林体育公园","1"
"虹口区","和平公园","1"
"滨湖区","无锡锡惠公园售票处","1"
"博罗县","石湾公园","1"
"武进区","常州新城·桃李郡","1"
"花溪区","花溪公园","1"
"南山区","荔林公园","1"
"浦东新区","杨浦大桥出口(五洲大道东向)","1"
"武陵区","滨湖公园","1"
"塔什库尔干塔吉克自治县","慕士塔格冰川公园","1"
"海淀区","香山公园","1"
"澄海区","文祠东路","1"
"思明区","厦门白鹭洲公园","1"
"昌江黎族自治县","文化公园(公交站)","1"
"钱塘区","富阳区城市森林公园","1"
"武隆区","仙女山国家森林公园","1"
"琼中黎族苗族自治县","五指山","1"
"源城区","铁路公园","1"
"佛冈县","羊角山森林公园","1"
"宝安区","宝安公园","1"
"栖霞区","羊山公园","1"
"东湖区","东湖","1"
"光明区","大雁山","1"
"姑苏区","苏州丝绸博物馆","1"
"夷陵区","神仙湾","1"
"浦口区","南京老山国家森林公园","1"
"普陀区","长风公园","1"
"宁远县","世纪汇小区","1"
"顺庆区","双女石公园","1"
"湖里区","仙岳公园","1"
"镜湖区","神山公园","1"
"石景山区","八大处公园","1"
"莱西市","姜山湿地","1"
"市南区","青岛胶州湾隧道","1"
"市中区","人民东路","1"
"平江县","厉厉茶·新烈士陵园店","1"
"滨湖区","惠山国家森林公园","1"
"市中区","绿心公园","1"
"黄陂区","丰荷山","1"
"简阳市","成都双流国际机场","1"
"胶州市","胶东街道办事处","1"
"萧山区","机场城市大道","1"
"渝北区","重庆江北国际机场T2A航站楼","1"
"犍为县","四川省犍为县大兴镇梧桐村退役军人服务站","1"
"元朗区","元朗中心","1"
"平安区","空港市场","1"
"五华区","盘龙江游船售票厅","1"
"砀山县","大雄宝殿","1"
"市中区","济南鲁能希尔顿酒店及公寓","1"
"汤阴县","瓦岗镇人民政府","1"
"海淀区","五道口(地铁站)","1"
"惠阳区","惠州平潭机场","1"
"南明区","图云关隧道","1"
"昌邑区","吉林市公安局吉林经济技术开发区分局机场派出所哨口村警务室","1"
"正定县","石家庄正定国际机场","1"
"嘉模堂区","机场(地铁站)","1"
"集美区","新洲大桥","1"
"浑南区","沈阳桃仙国际机场","1"
"东城区","北新桥(地铁站)","1"
"秦都区","咸阳北客站(公交站)","1"
"晋江市","泉州晋江国际机场","1"
"朝阳区","安慧桥","1"
"朝阳区","三元桥与S12机场高速交叉口","1"
"揭东区","潮汕机场城市候机楼","1"
"海淀区","中华世纪坛","1"
"江岸区","台北四村","1"
"昌平区","天通苑学校","1"
"番禺区","南村万博(地铁站)","1"
"白云区","白云机场北站","1"
"遂溪县","遂城街道办事处","1"
"华坪县","战华路与G4216蓉丽高速入口交叉口","1"
"小店区","太原武宿国际机场","1"
"黄陂区","黄陂立交桥","1"
"顺义区","北京首都国际机场T3-C航站楼侯机区","1"
"湖里区","厦门市安兜小学","1"
"赛罕区","机场高速入口(东向)","1"
"峨山彝族自治县","G8511昆磨高速","1"
"白云区","广园路","1"
"新建区","南昌西收费站(南昌大道出口)","1"
"浦东新区","东方明珠广播电视塔","1"
"玄武区","南京站","1"
"长乐区","福州长乐国际机场","1"
"拱墅区","杭州萧山国际机场武林门航站楼","1"
"仁和区","香榭丽都","1"
"白云区","石井","1"
"襄州区","襄阳刘集机场","1"
"东城区","北京天坛普华医院","1"
"江南区","星巴克(南宁盛天领域店)","1"
"盘龙区","S92机场高速","1"
"海曙区","宁波栎社国际机场","1"
"台江区","福州国际航空港城市候机厅","1"
"河东区","收货区","1"
"宝山区","北京(上海东昌店)","1"
"宛城区","经十路与长江东路交叉口","1"
"静安区","上海商城","1"
"新郑市","河南中原高速公路股份有限公司(航空港分公司)","1"
"宝塔区","延安南泥湾机场","1"
"海曙区","机场路与鄞县大道交叉口","1"
"龙湾区","浃底隧道","1"
"金州区","热岛·黄金海岸","1"
"桥东区","机场路","1"
"邯山区","邯郸机场","1"
"朝阳区","慧忠路","1"
"东城区","东直门","1"
"浦东新区","上海浦东国际机场2号航站楼","1"
"河东区","临沂启阳机场","1"
"东城区","S12机场高速","1"
"南岗区","哈西公路客运站","1"
"凌河区","锦州客运站(公交站)","1"
"福田区","深圳宝安国际机场T3航站楼","1"
"西湖区","杭州市西湖公证处","1"
"朝阳区","良子健身(华贸一店)","1"
"金凤区","银川站","1"
"虹口区","凯德龙之梦","1"
"官渡区","中国邮政(长水国际机场邮政所)","1"
"福田区","福田(地铁站)","1"
"章丘区","章丘龙山","1"
"洛龙区","洛阳理工学院开元校区","1"
"嘉祥县","S33济徐高速","1"
"涪城区","绵阳南郊机场","1"
"新市区","乌鲁木齐地窝堡国际机场","1"
"龙湾区","机场(地铁站)","1"
"历城区","济南遥墙国际机场","1"
"宽城区","长春站","1"
"海陵区","南京禄口国际机场泰州城市候机楼","1"
"岳阳楼区","九华山","1"
"武侯区","小鹏汽车成都机场路销售服务中心停车场","1"
"新北区","常州奔牛国际机场","1"
"潞州区","容海苑","1"
"南岸区","龍頭男士理发馆(永辉超市傍边)","1"
"龙湾区","机场大道与甬江路交叉口","1"
"渭城区","机场高速","1"
"沙市区","荆监一级公路","1"
"泰山区","徐家楼社区","1"
"海港区","建设大街","1"
"岱岳区","泰山路","1"
"中牟县","郑州现代农业示范区管理委员会","1"
"芙蓉区","窑岭湘雅二医院(地铁站)","1"
"罗湖区","笋岗(地铁站)","1"
"市北区","悦荟广场","1"
"东至县","安徽省昭潭中学","1"
"南召县","李村村委会","1"
"同安区","厦门市同安区褒建筑农资店","1"
"新建区","江变超市","1"
"胶州市","北外环路","1"
"白云区","哈尔滨大饼(棠安路)","1"
"什邡市","龙居寺村村民委员会","1"
"辉县市","方山村民委员会","1"
"禅城区","张槎","1"
"同安区","厦门市同安工业集中区","1"
"仁寿县","俱乐部","1"
"黄岛区","临港路","1"
"诸城市","林家村镇人民政府","1"
"汇川区","隧道口(公交站)","1"
"迎泽区","都市广场(都司街)","1"
"昆山市","环湖佳苑东升小区","1"
"历城区","山大南路","1"
"海曙区","云林东路","1"
"临桂区","万福路","1"
"涧西区","九都西路珠江路口西(公交站)","1"
"林州市","长安中路与阜民街交叉口","1"
"达川区","达州客运南站","1"
"纳溪区","护国市场监管所","1"
"雁塔区","团结南路","1"
"象州县","石龙镇人民政府","1"
"临泉县","王楼村村委会","1"
"江夏区","高新四路光谷二路(公交站)","1"
"禄丰市","凤凰山","1"
"斗门区","司马山","1"
"尉犁县","新疆罗布人村寨景区","1"
"金湾区","飞沙村委会","1"
"延吉市","延吉北收费站(G12珲乌高速入口)","1"
"江岸区","长江二桥","1"
"芙蓉区","人民中路","1"
"思明区","磨心山","1"
"任城区","济宁高新区创业园","1"
"滨城区","中海公园","1"
"西乡塘区","万秀菜市","1"
"郫都区","云丰村站(公交站)","1"
"沙坪坝区","大学城(地铁站)","1"
"武隆区","武隆喀斯特旅游区-羊角古镇","1"
"巩留县","恰西草原风景旅游区","1"
"永平县","仁寿村民委员会","1"
"长宁区","华山绿地","1"
"九龙坡区","解放碑步行街","1"
"荣昌区","宏博·澎湖湾-望龙门","1"
"南明区","黔诚酸汤牛肉(甲秀楼2.0店)","1"
"鼓楼区","大东(大王里店)","1"
"徽县","嘉陵江","1"
"杏花岭区","五龙口街","1"
"姑苏区","苏州中惠铂尔曼酒店","1"
"西山区","阳光小学","1"
"山城区","河南省鹤壁市山城区前进路南头旺杰钢材销售部","1"
"隆阳区","正阳南路","1"
"山城区","牟山大道","1"
"山城区","朝阳街","1"
"鹤山区","馨苑10区","1"
"浚县","黎阳路","1"
"察哈尔右翼前旗","小淖尔出口(G6京藏高速东向)","1"
"连山区","G1京哈高速入口(锦州方向)","1"
"二道区","世纪广场轻轨站(公交站)","1"
"新城区","爱民街","1"
"东安区","南小爱民街","1"
"惠济区","北四环","1"
"东湖区","象山北路","1"
"金水区","丰庆路与博颂路交叉口","1"
"宝丰县","山河路","1"
"渭滨区","姜谭路","1"
"荆州区","荆中路","1"
"格尔木市","唐古拉山镇政府","1"
"杜集区","胡同现烤糕点(新华书店住宅楼店)","1"
"胶州市","三里河街道办事处","1"
"怀柔区","中国科学院大学雁栖湖校区","1"
"浉河区","浉河公园","1"
"洪山区","武汉欢乐谷","1"
"栖霞区","东环服务区","1"
"洪山区","野芷湖大桥","1"
"榆树市","榆树弓棚镇收费站(G1015铁科高速出口)","1"
"西湖区","坛子口(地铁站)","1"
"临海市","S28台金高速","1"
"六合区","G2501南京绕城高速与G40沪陕高速交叉口","1"
"双桥区","兴隆街(公交站)","1"
"沾化区","G18荣乌高速","1"
"丰台区","南四环西路","1"
"武昌区","观湖别院","1"
"硚口区","汉西一村","1"
"新市区","机场高速","1"
"门头沟区","龙门涧风景区","1"
"市中区","龙洞风景区","1"
"洛南县","凤凰沟","1"
"兰山区","小安子(公交站)","1"
"神木市","农科路","1"
"顺德区","大塘边路","1"
"金州区","G15沈海高速","1"
"平山县","北焦坡村村委会","1"
"管城回族区","郑州十八里河收费站(京广快速路出口)","1"
"市中区","中山公园","1"
"梨树县","梨树东出口(G1京哈高速东北向)","1"
"汉阳区","墨水湖大桥","1"
"昆都仑区","少先路与民族东路交叉口","1"
"谯城区","魏武广场","1"
"金平区","新乡市场","1"
"金水区","美年大健康(郑州四分院)","1"
"沙市区","观音垱(公交站)","1"
"湖里区","兴隆路与火炬二路交叉口","1"
"济阳区","回河南街社区管理委员会","1"
"宝坻区","新安镇人民政府","1"
"观山湖区","省武警总队(公交站)","1"
"东西湖区","长青收费站(四环线出口)","1"
"硚口区","汉中","1"
"东湖区","中山路","1"
"东西湖区","东吴大道四明路(公交站)","1"
"越秀区","南部战区总医院(越秀院区)","1"
"秦淮区","秦淮区中医医院","1"
"兴宾区","古道休闲吧","1"
"鼓楼区","上下店路","1"
"麻章区","玉湛高速","1"
"寿宁县","寿宁收费站(G4012溧宁高速入口)","1"
"舞阳县","G36宁洛高速","1"
"前郭尔罗斯蒙古族自治县","松原西收费站(G12珲乌高速入口)","1"
"鹤城区","长沙银行(怀化分行)","1"
"平城区","大同收费站(G55二广高速出口)","1"
"隆阳区","赛格隧道","1"
"瑶海区","铜陵路街道办事处","1"
"历下区","银座旅游文化东路恒大帝景店","1"
"紫金县","G35济广高速","1"
"抚宁区","秦皇岛西收费站(G0111秦滨高速出口)","1"
"肇东市","G10绥满高速","1"
"铜鼓县","铜鼓隧道","1"
"兰考县","G30连霍高速","1"
"钟祥市","G55二广高速","1"
"新密市","商登高速桥","1"
"临河区","陕坝停车区(建设中)","1"
"松桃苗族自治县","G56杭瑞高速","1"
"黔江区","中村电器","1"
"襄州区","G70福银高速","1"
"双辽市","双辽南收费站(G25长深高速出口)","1"
"三河市","G0121京秦高速","1"
"嘉陵区","G42沪蓉高速","1"
"吴江区","G50沪渝高速","1"
"沂源县","沂源东收费站(G22青兰高速出口)","1"
"长沙县","干杉收费站(S42江干高速出口)","1"
"越城区","鉴湖服务区","1"
"侯马市","东高村4区","1"
"宁乡市","G0421许广高速","1"
"宁陕县","G5京昆高速","1"
"宜章县","S31宜连高速","1"
"清镇市","清镇收费站(G60沪昆高速出口)","1"
"恩阳区","S1成万高速","1"
"黄陂区","日月山水","1"
"永定区","张家界收费站(G5513长张高速出口)","1"
"敦化市","敦化收费站(G12珲乌高速出口)","1"
"沛县","沛县安国中学","1"
"上栗县","昌栗高速","1"
"双滦区","G25长深高速","1"
"赫章县","S20毕威高速","1"
"汪清县","S11牡延高速","1"
"金安区","G40沪陕高速","1"
"浏阳市","浏阳西收费站(S19浏洪高速出口)","1"
"玉屏侗族自治县","S15铜大高速","1"
"晋江市","晋江南收费站(S58晋长高速入口)","1"
"临海市","东山陈村办公楼","1"
"霍山县","G35济广高速","1"
"临武县","G0421许广高速","1"
"平和县","城中村委会","1"
"青山湖区","桐子李村","1"
"泽州县","天井关隧道","1"
"芮城县","芮城服务区与G59呼北高速交叉口","1"
"衡东县","新塘收费站(G4京港澳高速出口)","1"
"惠城区","S23惠大高速","1"
"宜章县","G4京港澳高速","1"
"榆阳区","古城滩收费站(G6521榆蓝高速出口)","1"
"龙门县","S14汕湛高速","1"
"历城区","济南郭店立交","1"
"屯昌县","坡心互通","1"
"乐昌市","中山坑","1"
"芙蓉区","东二环(地铁站)","1"
"青原区","文陂收费站(S61吉安绕城高速入口)","1"
"洪山区","青菱湖","1"
"襄州区","梁文海汽车维修部","1"
"兴宾区","G72泉南高速","1"
"裕华区","河北慧耕生态农场","1"
"岳西县","G4221沪武高速","1"
"盐池县","G20青银高速","1"
"灞桥区","G5京昆高速","1"
"垫江县","G42沪蓉高速","1"
"环翠区","威海收费站(G18荣乌高速西南向)","1"
"朝阳区","S11京承高速入口(京承高速方向)","1"
"桃源县","G56杭瑞高速","1"
"西充县","仁和收费站(S32西绵高速出口)","1"
"莲都区","田里隧道群2号","1"
"延吉市","延吉西收费站(S12延龙高速入口)","1"
"正定县","G5京昆高速","1"
"岳塘区","G60沪昆高速入口(娄底方向)","1"
"新郑市","S88郑栾高速","1"
"余姚市","兰海(公交站)","1"
"清城区","清远西收费站(G0421许广高速出口)","1"
"榕城区","北门市场(北环城路)","1"
"原阳县","G4京港澳高速入口(郑州方向)","1"
"郸城县","商丘奥林水泥(南丰直销处)","1"
"南陵县","南陵家发服务区餐厅","1"
"阳新县","G45大广高速与G45大广高速入口交叉口","1"
"通榆县","G1015铁科高速","1"
"漳平市","漳平南收费站(S30永漳高速出口)","1"
"桐乡市","S12申嘉湖高速","1"
"鄂城区","G50沪渝高速","1"
"武进区","淹城服务区","1"
"达川区","达川区百节镇工会","1"
"沅江市","沅江南收费站(S71华常高速入口)","1"
"茌平区","枣乡街与民生路交叉口","1"
"阳山县","G0421许广高速","1"
"安吉县","S12申嘉湖高速","1"
"高要区","金利燃气","1"
"土默特左旗","毕克齐镇人民政府","1"
"云县","云县西收费站(G5615天猴高速出口云县方向)","1"
"武侯区","山东高速大厦","1"
"五华县","棉洋服务区","1"
"肥西县","合安高速改扩建项目办","1"
"东阳市","东阳收费站(G1512甬金高速入口)","1"
"观山湖区","贵阳西收费站(G60沪昆高速出口)","1"
"文昌市","G9812海琼高速","1"
"大名县","大广高速魏县连接线与G45大广高速入口交叉口","1"
"衡东县","S80衡邵高速","1"
"乳山市","乳山东立交","1"
"望城区","油子塘大桥","1"
"郫都区","蜀源大道","1"
"桐城市","龙城隧道","1"
"香坊区","红旗村村委会","1"
"青秀区","屯里大桥","1"
"长安区","北五女(公交站)","1"
"路桥区","内环路","1"
"晋江市","G15沈海高速","1"
"阿拉善左旗","G7京新高速入口(哈密方向)","1"
"宣州区","芜宣枢纽与G50沪渝高速交叉口","1"
"瓯海区","104国道","1"
"江宁区","S55宁宣高速","1"
"黄陂区","G42沪蓉高速","1"
"博山区","博山互通立交","1"
"潜山市","王河服务区（沪渝高速上海方向）","1"
"习水县","东山","1"
"安宁市","G56杭瑞高速","1"
"望城区","绕城高速(公交站)","1"
"无棣县","无棣收费站(G18荣乌高速入口)","1"
"卢龙县","G1京哈高速","1"
"夏邑县","G30连霍高速","1"
"长丰县","双墩收费站(G40沪陕高速出口)","1"
"黄州区","G45大广高速","1"
"龙川县","黄石街","1"
"南明区","永乐花海","1"
"新兴县","S14汕湛高速","1"
"宣威市","宣威复兴收费站(S11威砚高速出口西南向)","1"
"麒麟区","茨营收费站(S11威砚高速出口)","1"
"确山县","G4京港澳高速","1"
"罗平县","罗平北收费站(G78汕昆高速出口)","1"
"定远县","S12滁新高速","1"
"弋江区","巢黄高速与巢黄高速入口交叉口","1"
"沁水县","玉溪村民委员会","1"
"金湾区","珠海大道","1"
"繁昌区","巢黄高速","1"
"信都区","清家沟服务区","1"
"龙圩区","梧州南高速路口(公交站)","1"
"灯塔市","二台子乔四诊所","1"
"利川市","利川收费站(G50沪渝高速出口)","1"
"越城区","绍兴收费站(G92杭州湾环线高速出口)","1"
"滨城区","滨州东收费站(G2516东吕高速出口)","1"
"靖宇县","G11鹤大高速","1"
"勉县","分水岭隧道","1"
"安岳县","安岳服务区驿路香自选式快餐","1"
"荔波县","朝阳镇人民政府","1"
"晴隆县","晴隆服务区","1"
"金堂县","成环路与S2成巴高速入口交叉口","1"
"沙河市","S75太行山高速","1"
"浦口区","宁合高速","1"
"西山区","明朗收费站(G5601昆明绕城高速出口)","1"
"和林格尔县","盛乐镇(公喇嘛)(公交站)","1"
"惠安县","互通区主线2号桥","1"
"东平县","东平收费站(G35济广高速入口)","1"
"江北区","慈城出口(G15沈海高速北向)","1"
"安吉县","安吉北收费站(S14杭长宜高速出口)","1"
"潞城区","史回收费站(青兰线东向)","1"
"西乡塘区","南宁安吉客运站","1"
"南谯区","滁淮高速","1"
"汤阴县","G4京港澳高速","1"
"环翠区","G18荣乌高速入口(文登方向)","1"
"务川仡佬族苗族自治县","务川收费站(S10德习高速入口正务高速方向)","1"
"南漳县","南漳服务区","1"
"黄岛区","跨胶州湾高速大桥","1"
"鹿泉区","西柏坡高速","1"
"莲都区","丽水北收费站(G25长深高速出口)","1"
"溧水区","宁杭高速","1"
"秦安县","秦安互通立交","1"
"修武县","云台山","1"
"洪山区","铁机路(地铁站)","1"
"遂昌县","遂昌县人民法院共享法庭(定溪村)","1"
"长沙县","长沙县黄花镇人民政府","1"
"江夏区","军运村","1"
"历城区","郭店庚辰钢铁宿舍","1"
"五峰土家族自治县","五峰山","1"
"迎泽区","水西关南街","1"
"岳塘区","万达广场(湘潭高新店)","1"
"罗湖区","广东梧桐山风景名胜区","1"
"港北区","阳光城","1"
"渝北区","古路","1"
"衢江区","衢州市衢江区湖南镇破石村民委员会","1"
"龙岗区","辅城坳小学","1"
"西湖区","九洲大街与抚生南路交叉口","1"
"广阳区","广阳道与新华路交叉口","1"
"卓资县","住建局","1"
"太和县","邢庄桥","1"
"钟楼区","荆川公园","1"
"岱岳区","晶华路","1"
"埇桥区","路桥小区(中兴路)","1"
"临安区","清凉峰国家级自然保护区(不对外开放)(暂停开放)","1"
"吴江区","吴江太湖新城","1"
"竹山县","竹山县竹坪乡人民政府","1"
"邵东市","迎宾路","1"
"秀峰区","中山中路","1"
"南岗区","儿童公园","1"
"金凤区","宝湖国家湿地公园","1"
"郫都区","红光大道","1"
"郫都区","泰山大道","1"
"郫都区","天宇路","1"
"历下区","山大南路","1"
"雨花台区","机场路","1"
"南岸区","四公里(地铁站)","1"
"灵璧县","张集村综治中心","1"
"固始县","夏集子(公交站)","1"
"资兴市","资兴市唐洞街道办事处","1"
"丛台区","中柳林警务站","1"
"点军区","桥边镇人民政府","1"
"佳县","大清路","1"
"泾阳县","沣泾大道","1"
"尖草坪区","金虎便利(101电车总站店)","1"
"保康县","马良镇人民政府","1"
"临江市","三合城村委会","1"
"漳平市","下林村村委会","1"
"昌宁县","湾甸派出所","1"
"环翠区","威海里口山风景名胜区","1"
"郫都区","新团路","1"
"历下区","奥体中路与轻风路交叉口","1"
"昌吉市","中山北路","1"
"辰溪县","体育中心","1"
"郫都区","安德街道办事处","1"
"郫都区","成都市郫都区德源街道禹庙村村民委员会","1"
"永安市","增田村(公交站)","1"
"西岗区","大连森林动物园","1"
"浦口区","南京北站(地铁站)","1"
"鹿邑县","赵庄村","1"
"梅江区","梅州站","1"
"通海县","纳古派出所","1"
"眉县","太白路","1"
"泾县","宣城市泾县榔桥宾馆","1"
"蓝田县","终南山悟真风景区","1"
"镜湖区","弋矶山","1"
"阎良区","科研巷","1"
"宁化县","牙梳山","1"
"贺兰县","洪广镇人民政府","1"
"长阳土家族自治县","贺家坪村委会","1"
"高港区","白马镇人民政府","1"
"新城区","胜利油田胶管大全","1"
"嘉定区","城隍庙小吃","1"
"洛南县","针织布匹","1"
"播州区","苏山村村民委员会","1"
"长清区","五峰派出所","1"
"荔城区","九华山","1"
"中山区","景山住宅小区","1"
"曾都区","齐星花园","1"
"木垒哈萨克自治县","老君庙水库","1"
"泽普县","石油路","1"
"凤台县","夏集镇人民政府","1"
"广德市","长安欧尚汽车(广德欧宇)","1"
"文峰区","兴泰路","1"
"硚口区","知音桥","1"
"光山县","司马光东路","1"
"灵寿县","王母观","1"
"崇义县","麟潭乡人民政府","1"
"龙海区","漳州台商投资区","1"
"灵川县","桂林古镇江璟酒店(漓江景区大圩古镇店)地面停车点(出入口)","1"
"姑苏区","虎丘山风景区","1"
"秦淮区","古玩(夫子庙步行街店)","1"
"黄岛区","海南路","1"
"肇州县","大庆路","1"
"曲阜市","孔府孔庙停车场(出入口)","1"
"南岸区","海棠溪(地铁站)","1"
"双流区","珠江路(地铁站)","1"
"丛台区","志新酷车","1"
"玉环市","新大街","1"
"沙坪坝区","小龙坎(地铁站)","1"
"金水区","紫荆山(地铁站)","1"
"张湾区","牛头山国家森林公园","1"
"长白朝鲜族自治县","长白镇人民政府","1"
"蜀山区","望江路","1"
"肥东县","红石咀公园","1"
"惠民县","归化村村委会","1"
"南宫市","长安(南宫恒骏店)","1"
"宝山区","七星派出所","1"
"虹口区","四川北路(地铁站)","1"
"浏阳市","金桥村谭新明卫生室","1"
"桐庐县","西坞岗","1"
"绵竹市","九龙镇人民政府","1"
"兴宾区","缤纷江南","1"
"赛罕区","内蒙古自治区人民医院","1"
"卧龙区","中国工商银行(南阳仲景路支行)","1"
"呼兰区","康金街道兰阳村退役军人服务站","1"
"上林县","桂林银行(白圩镇石塘村农村普惠金融综合服务点)","1"
"黄浦区","龙门邨","1"
"迎泽区","劲松北路","1"
"金东区","光南路与环城东路交叉口","1"
"怀柔区","箭扣长城","1"
"尖草坪区","小东流(公交站)","1"
"临安区","朱穴村村民委员会","1"
"湘潭县","大鹏西路","1"
"中山区","大连老街","1"
"蒲城县","罕井镇人民政府","1"
"睢阳区","商丘古城","1"
"徐汇区","上海市徐汇中学","1"
"阿克陶县","慕士塔格峰","1"
"南海区","江边村东社(公交站)","1"
"长安区","飞天路","1"
"石台县","仙寓山风景区","1"
"蕉城区","环城路","1"
"丰台区","北京市丰台区太平桥东里幼儿园","1"
"怀集县","洽水镇中心小学旺洞教学点","1"
"颍上县","古城镇人民政府","1"
"烈山区","烈山","1"
"宣州区","沿河村村民委员会","1"
"桂平市","皮塘水库","1"
"安阳县","大众煤业","1"
"西乡塘区","南宁街","1"
"宝塔区","延安机务段","1"
"临泉县","关庙村公益电影放映点","1"
"西湖区","杭州天目山医院","1"
"柳北区","长风路","1"
"江宁区","长江路","1"
"莱芜区","羊里派出所","1"
"海安市","如家酒店(海安中坝南路店)","1"
"吴中区","舟山路","1"
"孝南区","毛陈镇(公交站)","1"
"固镇县","后马村村民委员会","1"
"开州区","路景苑","1"
"淳安县","龙山","1"
"洛龙区","正太商贸有限公司","1"
"文峰区","头道街与文峰北街交叉口","1"
"松江区","正泰电气股份有限公司","1"
"启东市","启东经济开发区","1"
"余杭区","余杭街道社区卫生服务中心","1"
"建邺区","南通(南京国际博览中心)","1"
"乐陵市","杨安镇人民政府","1"
"田家庵区","国庆路(公交站)","1"
"萧县","交通路","1"
"肥西县","丰乐街道(公交站)","1"
"弋江区","三山·时代广场","1"
"永川区","胜利路","1"
"曲阜市","曲阜东站(西出站口)","1"
"肥西县","紫蓬镇人民政府","1"
"永城市","淮海大道","1"
"岳麓区","四水厂(公交站)","1"
"五峰土家族自治县","白溢坪村村民委员会","1"
"内乡县","赵沟","1"
"沁阳市","工业路","1"
"巧家县","新店镇政府","1"
"红谷滩区","乐豆家(南昌世贸店)","1"
"义安区","铜陵中学","1"
"保康县","马桥镇人民政府","1"
"从化区","五指山","1"
"黄岛区","珠海街道办事处社会治理指挥中心","1"
"奉贤区","新寺社区卫生服务中心","1"
"龙华区","海口市龙华小学","1"
"城关区","布达拉宫","1"
"磐安县","螺山路","1"
"吴兴区","仁皇山景区","1"
"永嘉县","茗岙梯田","1"
"天河区","火炉山森林公园","1"
"平陆县","山西平陆中学","1"
"西区","西佛寺","1"
"柳南区","永前路四区","1"
"江宁区","淳化","1"
"永康市","金胜山健康主题公园","1"
"卫东区","平顶山","1"
"江宁区","手工烘焙","1"
"南海区","维也纳国际酒店(西樵山景区店)","1"
"肥东县","定光社区","1"
"蒲城县","山前洼村卫生室","1"
"越西县","瑞香村村民委员会","1"
"含山县","马鞍山惠农金融服务室","1"
"罗田县","汤河","1"
"江宁区","喜马拉雅瑜伽","1"
"北川羌族自治县","开茂村村民委员会","1"
"芦淞区","株洲市冬季游泳运动协会","1"
"桓台县","宫夏路","1"
"五原县","天雷赛鸽","1"
"海棠区","国家海岸·保利财富中心","1"
"鸠江区","二坝镇人民政府","1"
"历下区","佛山街","1"
"平鲁区","紫晨商务酒店","1"
"路桥区","金华村委会","1"
"历城区","黄台电厂第五宿舍区","1"
"越秀区","中信东方广场","1"
"沙市区","安良百货","1"
"海城市","三里(公交站)","1"
"龙岗区","赛格电子市场(龙岗路)","1"
"杨浦区","星巴克(上海新联地带店)","1"
"揭西县","大港路","1"
"番禺区","广州市番禺区人民政府","1"
"城关区","拉萨圣地天堂洲际大饭店","1"
"江夏区","湖泗老街","1"
"江津区","江津大悦城","1"
"新都区","七一村卫生站","1"
"大东区","大悦城skg(韶音专卖店)","1"
"江北区","龙湖重庆北城天街","1"
"徐汇区","西岸艺术中心","1"
"江汉区","武商MALL","1"
"思明区","达人公社(达意商业城店)","1"
"未央区","人人乐超市(汉神购物广场店)","1"
"长宁区","上海高岛屋百货","1"
"和平区","伊势丹百货(现代城店)","1"
"未央区","人人乐(凤城五路店)","1"
"吴中区","苏州中心商场南区","1"
"南岗区","红博中央公园","1"
"葵青区","葵涌广场","1"
"东湖区","公园村卫生所","1"
"浦东新区","上海市浦东新区金桥镇人民政府","1"
"罗湖区","地王大厦","1"
"长宁区","金虹桥商业广场","1"
"天宁区","工人文化宫","1"
"朝阳区","国贸商城(西区)","1"
"历城区","洪家楼","1"
"平阴县","振兴街","1"
"天河区","时光里美食广场","1"
"锦江区","成都九龙广场","1"
"江北区","六指烧烤","1"
"浦东新区","陆家嘴中心","1"
"大兴区","西红门","1"
"天心区","太平街","1"
"湖滨区","大中海步行街","1"
"龙湾区","大罗山-瑶溪","1"
"张家港市","亨通广场","1"
"浏阳市","东润·万象城","1"
"曾都区","大润发(随州店)","1"
"嘉祥县","乐民商厦","1"
"莲池区","未来石","1"
"上城区","延安路与解放路交叉口","1"
"固始县","西亚生活广场(蓼北路)","1"
"仁寿县","金钟村村民委员会","1"
"市北区","青岛凯德MALL","1"
"江宁区","景枫中心","1"
"栖霞区","HappyMart(南京城北万象汇店)(装修中)","1"
"浦东新区","前滩太古里","1"
"登封市","洁美万家","1"
"东城区","崇文门(地铁站)","1"
"金牛区","居然之家(金牛店)","1"
"建邺区","南京奥林匹克体育中心","1"
"福田区","卓悦中心东区","1"
"江北区","金源时代购物中心(北滨一路)","1"
"越秀区","中华广场","1"
"金水区","肯德基(正道中环百货店)","1"
"白云区","江山酒家(万达广场店)","1"
"岳麓区","梅溪湖公园","1"
"福田区","卓悦中心北区","1"
"栖霞区","招商·花园城","1"
"金水区","新田360广场(郑州国贸店)","1"
"武侯区","成都高新区政务服务中心","1"
"江阳区","万象汇小屋(春景上路分店)","1"
"盘龙区","恒隆广场","1"
"郫都区","成都铁路工程学校","1"
"桥西区","海悦天地","1"
"汉台区","天汉大道","1"
"硚口区","硚口路","1"
"梓潼县","崇文门","1"
"朝阳区","林奥CITY PARK","1"
"邯山区","陵园路与黎明街交叉口","1"
"驿城区","甲鱼面馆(天龙步行街南街店)","1"
"拱墅区","大悦城","1"
"鹿城区","杨府山公园","1"
"锡山区","Livat荟聚","1"
"甘泉县","武汉百货","1"
"路凼填海区","金沙(公交站)","1"
"南海区","佛山保利MALL","1"
"天桥区","明湖西路","1"
"荔湾区","荔湾广场","1"
"拱墅区","杭州大厦","1"
"福田区","深圳购物公园","1"
"硚口区","恒隆广场","1"
"铁西区","华润·铁西万象汇购物中心","1"
"中西区","美国银行中心","1"
"路北区","唐山高新区管委会","1"
"静安区","兴业太古汇","1"
"市中区","融汇城","1"
"川汇区","五一路","1"
"龙华区","鸿荣源·壹成中心","1"
"李沧区","海底捞火锅(乐客城店)","1"
"天河区","天环Parc Central","1"
"天河区","金中环大厦","1"
"东丽区","SM天津滨海城市广场","1"
"沈河区","市府恒隆广场","1"
"蓬江区","堤西路","1"
"武侯区","天虹商场(奥克斯广场店)","1"
"钱塘区","杭州华联(龙湖·名景台南苑店)","1"
"云岩区","华为授权体验店(银海元隆店)","1"
"武侯区","成都银泰中心","1"
"越秀区","东山百货大楼","1"
"吴中区","东方之门","1"
"西乡塘区","相思湖购物公园","1"
"商南县","朝阳商业广场","1"
"宁都县","步步高","1"
"莲湖区","星巴克咖啡(西安大兴龙湖星悦荟店)","1"
"海淀区","西二旗","1"
"连江县","福建兴闽榕建筑工程有限公司","1"
"长乐区","宜家家具城","1"
"鼓楼区","金茂广场","1"
"鼓楼区","西郊商场(滨河路)(公交站)","1"
"九龙坡区","华润中心","1"
"余杭区","杭州西溪印象城","1"
"深州市","第三完全小学","1"
"南湖区","养馋记(文昌路菜场店)","1"
"兰山区","泰盛广场","1"
"泰山区","山东第一医科大学第二附属医院停车场(出入口)","1"
"鼓楼区","徐州苏宁广场","1"
"杜尔伯特蒙古族自治县","美立方","1"
"滨江区","海山公园","1"
"天河区","天河城","1"
"广阳区","运通家园","1"
"历城区","首创奥特莱斯","1"
"拱墅区","银泰百货(中大店)","1"
"立山区","中化石油胡家庙加油站","1"
"金水区","红旗路","1"
"市北区","青岛·卓悦里","1"
"潮安区","开濠花园路","1"
"二七区","万达广场商管部","1"
"惠城区","甲子路","1"
"历下区","百丽宫影城(济南恒隆广场店)","1"
"鱼峰区","东风商场","1"
"邯山区","邯山商场(公交站)","1"
"郫都区","万达广场(成都郫都店)","1"
"黄浦区","日月光","1"
"盘龙区","地下停车场","1"
"花王堂区","大炮台","1"
"青秀区","航洋国际购物中心","1"
"海珠区","扶光书店","1"
"闵行区","虹桥天地购物中心","1"
"惠东县","光长村党群服务中心","1"
"沙市区","江汉路","1"
"武侯区","武侯皮革城(鞋都南路)","1"
"芝罘区","芝罘金街(万达广场店)","1"
"上城区","浙江大学医学院附属第二医院(解放路院区)","1"
"临沭县","华南社区","1"
"观塘区","兴业中心","1"
"沈河区","沈阳(大南店)","1"
"福田区","世纪汇购物中心","1"
"红安县","红安名品广场(物资商业步行街店)","1"
"邗江区","RMALL生活广场(京华城2期店)","1"
"拱墅区","星巴克咖啡(杭州鸿锦大厦店)","1"
"中牟县","绿博园","1"
"枞阳县","长江路","1"
"金水区","ECCO郑州丹尼斯大卫城店","1"
"东阳市","东阳市人民医院","1"
"禅城区","印象城","1"
"郧阳区","朝阳路","1"
"滨江区","龙湖杭州滨江天街","1"
"小店区","王府井百货(太原店)","1"
"江汉区","新世界(万商白马服装交易中心市场店)","1"
"仙桃市","钱沟路","1"
"白云区","白云汇广场","1"
"海曙区","和义大道购物中心","1"
"海珠区","太古仓码头","1"
"齐河县","齐河德百(公交站)","1"
"天河区","女人花(万佳服装批发广场店)","1"
"兰山区","华丰国际商贸城","1"
"海淀区","领展购物广场·中关村","1"
"武侯区","新世纪环球购物中心","1"
"南山区","天虹(前海店)","1"
"渝北区","重庆汽博中心","1"
"拱墅区","银泰西选(中大店)","1"
"沅江市","好润佳(沅江店)","1"
"普陀区","绿洲湖畔花园","1"
"普宁市","体育西馆","1"
"徐汇区","星游城","1"
"闵行区","百联南方购物中心","1"
"沙河口区","大连中央大道吾悦广场","1"
"天河区","广州文和友(太古汇店)","1"
"张店区","芳草地别墅区","1"
"秦淮区","雨花客厅里的幸运草公寓(花露北岗分店)","1"
"路凼填海区","澳门四季酒店","1"
"长安区","北国商城站","1"
"浦东新区","世博源","1"
"红桥区","天津陆家嘴广场","1"
"洪山区","世界城光谷步行街","1"
"市北区","星巴克咖啡(青岛悦荟广场店)","1"
"福田区","中央花园","1"
"路北区","惠铖超市丨路北店","1"
"大祥区","双拥路","1"
"大堂区","新濠天地车(壹号湖畔店)","1"
"颍州区","六和源(上海大花园店)","1"
"雨花区","德思勤城市广场","1"
"市南区","青岛海信广场","1"
"义乌市","义乌站","1"
"兴宁区","万达商业广场(印象城店)","1"
"天河区","花城汇","1"
"西城区","西单大悦城","1"
"新密市","宜家家居(郑州商场)","1"
"宝山区","白玉兰广场","1"
"朝阳区","这有山","1"
"江北区","江北步行街","1"
"福田区","深业上城商场","1"
"市中区","中海·环宇城","1"
"福田区","深圳卓悦中心","1"
"郊区","万象国际","1"
"晋江市","万达广场","1"
"青浦区","庆华苑","1"
"秦淮区","南京新百","1"
"市中区","成龙影城(绿地店)","1"
"顺德区","贰捌商场","1"
"润州区","协信星光时代广场","1"
"万华区","西门町电影公园","1"
"郯城县","郯中商场","1"
"雁塔区","赛格国际购物中心","1"
"江宁区","21世纪国际公寓","1"
"黄埔区","大壮国际广场","1"
"宝安区","新天地购物广场(宝安大道)","1"
"洪山区","保利时代","1"
"花王堂区","澳门喜来登大酒店","1"
"海淀区","清河万象汇购物中心-LOUNGE","1"
"海棠区","cdf三亚国际免税城A区","1"
"蓬江区","万达广场(江门蓬江店)","1"
"天门市","惠安达物流","1"
"邓州市","文化路","1"
"岳塘区","步步高","1"
"吴中区","诚品书店(诚品生活)","1"
"南岸区","南岸区南坪(商圈)","1"
"泰山区","大润发","1"
"渭城区","王府井奥莱机场店","1"
"管城回族区","紫荆山","1"
"顺德区","容山商场(环镇路)","1"
"道外区","百盛A(3)座","1"
"市中区","欧亚大观","1"
"朝阳区","欧亚卖场","1"
"晋江市","泉州晋江SM国际广场","1"
"鼓楼区","延庆观","1"
"芦淞区","神农公园","1"
"迎泽区","立达国际商城(柳巷南路)","1"
"江南区","南宁国际商业贸易中心C区","1"
"怀宁县","金拱镇公墓","1"
"朝阳区","颐堤港","1"
"武侯区","成都来福士广场","1"
"江北区","凯德","1"
"琼海市","琼海(娅米美颜定妆馆)","1"
"相山区","万达广场","1"
"铁东区","新玛特购物广场(鞍山总店)","1"
"浑南区","沈阳盛京大奥莱","1"
"方城县","南阁村民委员会","1"
"大祥区","红旗路","1"
"新城区","丁香路","1"
"南开区","天津大悦城","1"
"静安区","1788广场","1"
"崇川区","南通万象城","1"
"鼓楼区","南京师范大学(随园校区)","1"
"蜀山区","砂之船(合肥)奥莱","1"
"蒲城县","联手商城","1"
"长清区","宾谷街","1"
"鄞州区","世纪东方广场","1"
"蜀山区","三里庵","1"
"花溪区","龙湾国际一期","1"
"丰泽区","丰泽东海街道","1"
"蜀山区","合肥体育中心","1"
"濉溪县","濉溪百货商场","1"
"田家庵区","新淮村(公交站)","1"
"崇川区","南通濠河风景名胜区","1"
"金水区","雀友麻将机专卖店(宝龙广场店)","1"
"江汉区","万达广场(菱角湖店)","1"
"浑南区","浑南区浑南新区","1"
"花王堂区","大三巴牌坊","1"
"海淀区","硅谷亮城","1"
"万柏林区","太原万象城","1"
"金牛区","旺泉街","1"
"渝北区","爱融荟城","1"
"闵行区","万象城","1"
"顺德区","容桂派出所","1"
"拱墅区","杭州大厦(公交站)","1"
"朝阳区","北京侨福芳草地购物中心","1"
"宝安区","西乡(地铁站)","1"
"金平区","金环路","1"
"颍泉区","阜阳·临沂商城","1"
"闽侯县","正荣·财富中心","1"
"新洲区","长丰路","1"
"祥符区","祥符路","1"
"增城区","顺德陈村佛具批发商行","1"
"桃城区","衡百国际","1"
"定远县","定城镇人民政府","1"
"天河区","体育西路","1"
"金湾区","华润万家","1"
"江阴市","袁家巷","1"
"河间市","团结公园","1"
"秦淮区","新街口","1"
"隆回县","隆回县九龙学校","1"
"宝塔区","中防万宝城(南门里店)","1"
"永定区","西溪坪","1"
"李沧区","青岛北方国贸大厦","1"
"东港区","青岛路","1"
"碑林区","太古里","1"
"崂山区","海尔路","1"
"上城区","杭州市江干区中医医院","1"
"海淀区","魏公村(地铁站)","1"
"闵行区","上海交通大学闵行校区","1"
"香洲区","拱北口岸","1"
"霞山区","鼎盛广场","1"
"松山区","鲁王路","1"
"峰峰矿区","滏阳东路","1"
"大观区","八佰伴(集贤南路)","1"
"红花岗区","万里路","1"
"西岗区","大连恒隆广场","1"
"邵阳县","邵阳九福老年公寓","1"
"宁海县","宁海县前童镇专职消防队","1"
"龙沙区","齐齐哈尔百货大楼","1"
"蒙山县","永安大桥","1"
"武陵区","柳泉路","1"
"诸城市","222省道与341国道交叉口","1"
"甘井子区","西岗市场(华西小区店)","1"
"涿州市","北京师范大学实验幼儿园","1"
"涪城区","圣水寺","1"
"龙海市","吉马购物桥口商场","1"
"雨湖区","湘潭市雨湖区人民政府","1"
"大兴区","移动综合楼","1"
"红花岗区","内沙路","1"
"晋江市","西宫(公交站)","1"
"市北区","杭州路海岸路(公交站)","1"
"市北区","宣化路与杭州路交叉口","1"
"钦北区","八寨沟旅游景区","1"
"历城区","零点立交南(公交站)","1"
"原州区","杨忠堡村村民委员会","1"
"沙坪坝区","沙坪坝站","1"
"遂平县","世泽路与灈阳大道交叉口","1"
"九原区","横竖街","1"
"大足区","时代广场","1"
"蜀山区","安医大二附院","1"
"钟祥市","田岗村委会","1"
"钟楼区","玉龙南路与龙城大道交叉口","1"
"青川县","茶树村村民委员会","1"
"蔡甸区","武汉国际体育文化休闲园","1"
"埇桥区","宿马园区","1"
"灵璧县","龙山创鑫广场","1"
"晋宁区","南门集贸市场","1"
"兰山区","涑河南路","1"
"双清区","仁信·半岛城","1"
"炎陵县","霞阳收费站(G1517莆炎高速出口)","1"
"历城区","济阳蔬菜","1"
"鄠邑区","南门里(箭门市场店)","1"
"雷州市","雷州市客路镇人民政府","1"
"江岸区","黄浦社区(武汉大道)","1"
"青秀区","英华路","1"
"綦江区","新山村社区","1"
"岳麓区","潇湘北路","1"
"文山市","三鑫开化商贸城农贸市场(三鑫第一城店)","1"
"涪城区","艾潇汽配城","1"
"沂源县","胜利路","1"
"姑苏区","老许屋里香","1"
"长葛市","赵楼小学","1"
"中原区","桃贾路与陇海西路交叉口","1"
"霞山区","东新福居","1"
"惠阳区","疏港大道","1"
"船山区","遂宁站","1"
"万柏林区","东社","1"
"宛城区","南阳理工学院","1"
"丛台区","东部美的城","1"
"禹城市","迎宾大道与迎宾路交叉口","1"
"云安区","石巷村委会","1"
"双清区","邵阳市炭黑厂家属区","1"
"市中区","苏中路","1"
"琼山区","中山南路与凤翔东路交叉口","1"
"盘山县","盘锦北站","1"
"蜀山区","潜山路与龙图路交叉口","1"
"霞山区","翠绿花园","1"
"市北区","嘉定路与宁化路交叉口","1"
"宾阳县","闭村小学","1"
"兴庆区","章光101(凤凰北街店)","1"
"开平市","芦阳学校","1"
"陵城区","陵城区检察院(公交站)","1"
"湾里区","胡家村(公交站)","1"
"海城区","兴港大道","1"
"醴陵市","姞仙村村民委员会","1"
"清河县","渤海路","1"
"梅县区","石下村(公交站)","1"
"阳春市","岗南村委会","1"
"武陟县","迎宾大道","1"
"陕州区","黄河三门峡商务中心区医院","1"
"长安区","西五路","1"
"裕华区","体育大街","1"
"长宁县","绣球村委会","1"
"平舆县","时代鑫苑小区","1"
"剑阁县","剑阁百货大楼","1"
"景洪市","基诺山基诺族乡人民政府","1"
"未央区","凤城九路","1"
"陈仓区","车海洋智能自助洗车千渭星城大十字路口站","1"
"白河县","宋家镇人民政府","1"
"开平区","大广生态园","1"
"溧阳市","锦汇商业广场","1"
"金山区","甪里村委会","1"
"隆阳区","保龙龙庭苑","1"
"溧阳市","新北工业园","1"
"安宁区","刘家堡广场站","1"
"珠晖区","二七二厂(公交站)","1"
"海州区","儿童公园","1"
"曲阜市","曲阜三孔景区-孔府","1"
"郫都区","成都后花园3期","1"
"桦南县","向阳湖风景区","1"
"潘集区","红旗楼(公交站)","1"
"屯溪区","三华园","1"
"鄢陵县","马坊集煤球场","1"
"长泰县","长泰区","1"
"美兰区","和平北路","1"
"贵池区","花园小区","1"
"道真仡佬族苗族自治县","民族广场户外劳动者服务站","1"
"湖里区","维也纳3好酒店(厦门机场厦鼓码头店)","1"
"夷陵区","丁家坝大桥","1"
"宛城区","南阳大桥","1"
"樊城区","白马广场","1"
"夏邑县","新城社区","1"
"龙亭区","西环路·大梁路(公交站)","1"
"合作市","甘南藏族自治州妇幼保健院","1"
"晋安区","鼓岭旅游度假区","1"
"雨花区","南二环桔园立交桥","1"
"游仙区","芙蓉桥","1"
"兴庆区","丽景南街与长城东路交叉口","1"
"蜀山区","海恒街","1"
"思明区","莲岳路","1"
"雷州市","雷城街道办事处","1"
"城关区","天水南路","1"
"微山县","微山县夏镇街道办事处","1"
"文山市","三鑫第一城开化商贸城","1"
"潢川县","潢川县城区新一中","1"
"滦州市","紫薇园","1"
"金安区","六岭村委会","1"
"平湖市","九龙山大道","1"
"江宁区","上湖工业园","1"
"惠城区","街电(美宜佳康宁店)","1"
"阜南县","太和村张庄","1"
"阳春市","城西大道","1"
"万柏林区","千峰南路","1"
"麻阳苗族自治县","富州南路","1"
"通海县","纳古镇人民政府","1"
"吉阳区","吉阳大道与迎宾互通交叉口","1"
"武陟县","庙小段村民委员会","1"
"兴宾区","来宾市兴宾区水落小学","1"
"惠阳区","厦深铁路惠州南站(公交站)","1"
"武陵区","洞庭大道与芙蓉路交叉口","1"
"船山区","如环境保护局宿舍","1"
"大竹县","金利多广场","1"
"清镇市","中环国际","1"
"安吉县","万家水果商行","1"
"兖州区","特来电充电站(兖州火车站广场)","1"
"港北区","中国体育彩票(六八村店)","1"
"乐平市","东湖公园","1"
"舞阳县","明刺青","1"
"临安区","百丈岭","1"
"渌口区","松岗(公交站)","1"
"临武县","东云路与解放北路1巷交叉口","1"
"顺德区","顺峰山公园","1"
"嘉陵区","黄金江岸","1"
"临安区","浙西天池","1"
"红花岗区","圣城华府·紫郡(建设中)","1"
"章贡区","江山里小区(公交站)","1"
"柘城县","北门村民委员会","1"
"云岩区","贵州师范大学宝山校区","1"
"弋江区","高校园区派出所","1"
"恩阳区","恩阳古镇游客中心","1"
"上虞区","崧厦街道","1"
"澧县","毛家岔大桥","1"
"新洲区","太平寺","1"
"海门区","江苏省海门中学","1"
"文峰区","平原路与德隆街交叉口","1"
"桐柏县","淮河大桥","1"
"眉县","美阳街","1"
"麻章区","六坑村(公交站)","1"
"平舆县","挚地大道与铁塔路交叉口","1"
"成安县","寇公西路","1"
"钟楼区","劳动西路与清潭路交叉口","1"
"北仑区","坝头西路与高田王街交叉口","1"
"如皋市","水绘园","1"
"越秀区","广州市越秀儿童公园","1"
"黄岛区","世茂·诺沙湾","1"
"光山县","中国农业银行(北向店支行)","1"
"长安区","终南大道","1"
"铁锋区","胡屯村委会","1"
"崇阳县","沙坪村村委会","1"
"会理县","新世界","1"
"市中区","蟠龙苑","1"
"江北区","中亿·阳明山水","1"
"隆阳区","人社社保服务窗口(隆阳区兰城街道汉营社区为民服务站)","1"
"滕州市","荆河中路","1"
"萧山区","杭州北创传动科技有限公司","1"
"岳麓区","麻园路南二环路口(公交站)","1"
"殷都区","豫北图书大厦","1"
"大祥区","大祥路","1"
"广安区","广安新天地","1"
"武陵区","特来电充电站(常德市武陵公交)","1"
"安宁市","安宁市县街中心卫生院","1"
"襄城县","襄城外国语学校","1"
"滕州市","龙庄村民委员会","1"
"鄠邑区","银河路","1"
"道真仡佬族苗族自治县","上坝中学","1"
"庄浪县","良邑镇民政工作站","1"
"迎泽区","山西省气象局","1"
"会同县","怀化站","1"
"胶州市","二里河公园","1"
"红花岗区","中国邮政储蓄银行(火车站支行)","1"
"文山市","东风派出所","1"
"孝义市","大同路","1"
"金平区","汕头礐石大桥","1"
"振兴区","滨江中路","1"
"开平市","龙胜镇","1"
"洪山区","八一路鲁磨路(公交站)","1"
"荔波县","玉屏街道办事处","1"
"洪雅县","广场南路","1"
"文峰区","桑园路","1"
"禹州市","园区路","1"
"翔安区","翔安隧道","1"
"大兴区","兴政街西口(公交站)","1"
"永城市","雪枫超市(雪枫路)","1"
"邯山区","南环立交桥","1"
"余姚市","余姚北站","1"
"襄都区","致冠便利店","1"
"雁塔区","西延路","1"
"芦淞区","佳诚电脑手机城","1"
"确山县","王楼村委会","1"
"杏花岭区","五一路与北大街交叉口","1"
"洞口县","221省道","1"
"平山区","泉涌社区","1"
"江夏区","民主村村委会","1"
"简阳市","广德成食品","1"
"昌平区","北京市昌平区小汤山镇南官庄村村民委员会","1"
"通山县","九宫大道与迎宾大道交叉口","1"
"吴中区","苏州工业园区","1"
"番禺区","金沙湾花园","1"
"舞阳县","人民路","1"
"温江区","长安路","1"
"龙湖区","金涛庄","1"
"路桥区","如刚街头牛排(路桥一店)","1"
"雨花区","万家丽路高架","1"
"雷州市","雷州市中医医院","1"
"舞阳县","南京路","1"
"宁海县","凤山南路","1"
"五华区","昆明站(北京路)(公交站)","1"
"莱西市","中国国际能源加油站(龙海站)","1"
"历城区","西杨家园","1"
"汇川区","遵义市汇川区市场监督管理局","1"
"博罗县","大洞水库","1"
"秦都区","世纪大道","1"
"婺城区","丹溪路与双龙南街交叉口","1"
"博白县","学田村村委会","1"
"天心区","书香路","1"
"双清区","城北路","1"
"确山县","西亚超市(公交站)","1"
"馆陶县","建设街与魏征路交叉口","1"
"瑞金市","超田小学","1"
"阿拉尔市","国际商贸城","1"
"市南区","福州南路与香港中路交叉口","1"
"东宁市","桐林超市","1"
"淇滨区","河南柳江生态牧业股份有限公司","1"
"武陵区","常德大道与朝阳路交叉口","1"
"镇平县","中山街","1"
"沙依巴克区","长江路","1"
"开州区","人民路与滨河路交叉口","1"
"冷水滩区","猎豹北路与飞腾路交叉口","1"
"冷水滩区","永州大道与进贤路交叉口","1"
"下陆区","铜花二巷","1"
"西昌市","南山大道","1"
"武昌区","武汉瑞华医院民兴中医门诊部","1"
"乐清市","凤凰村村委会","1"
"宣州区","安徽宣城宛陵湖省级湿地公园","1"
"历城区","华山风景区","1"
"宜城市","三桥村五组","1"
"硚口区","板材大市场B区","1"
"鼎城区","常德大道","1"
"玉泉区","腾飞电器(昭君路)","1"
"西湖区","八一大道与孺子路交叉口","1"
"东方市","东方市东方医院(老院区)","1"
"浑南区","长青街","1"
"牡丹区","松花江路桥","1"
"温岭市","桐方线","1"
"都匀市","广惠社区居委会","1"
"惠济区","天河路与英才街交叉口","1"
"市中区","黑峪顶","1"
"宣威市","福安广场","1"
"衡南县","鑫鑫米兰","1"
"临安区","太子尖","1"
"宽城区","宽城区政府中心公园","1"
"江岸区","武汉天兴洲长江大桥","1"
"槐荫区","嘉华购物广场(济南槐荫店)","1"
"南明区","富水南路与曹状元街交叉口","1"
"东方市","沈老头包子(东方·碧海云天店)","1"
"北票市","青年路","1"
"香洲区","金凤路","1"
"丛台区","美乐城(中国邯郸环球中心店)","1"
"德清县","真诚草莓采摘园","1"
"安仁县","稻田公园","1"
"秦安县","解放北路","1"
"南谯区","仁和路与敬梓路交叉口","1"
"官渡区","官渡广场","1"
"宽城区","益和国际城","1"
"城西区","海湖新区","1"
"钱塘区","物美超市(顾家江东店)","1"
"宁津县","亿家火锅店","1"
"芙蓉区","阿波罗商业广场","1"
"惠阳区","大华二路","1"
"青山湖区","火炬广场","1"
"天心区","长沙理工大学西门(公交站)","1"
"郫都区","安德鲁森(银润店)","1"
"杨浦区","五角场","1"
"赫山区","福泽大厦","1"
"惠城区","尚品世家","1"
"思明区","仙岳路","1"
"集宁区","乌兰察布市集宁区中蒙医院","1"
"娄星区","娄底一大桥(公交站)","1"
"梁园区","凯旋北路与建设路交叉口","1"
"禹会区","秦仁路","1"
"济阳区","经二路","1"
"雨花区","万博汇","1"
"杏花岭区","府东街","1"
"路北区","市府北街","1"
"彭州市","团结街","1"
"婺城区","丹光路","1"
"小店区","龙城北街(公交站)","1"
"杏花岭区","五一路与府东街交叉口","1"
"海淀区","万寿路与玉渊潭南路交叉口","1"
"文峰区","彰德路与迎春西街交叉口","1"
"玄武区","南京1912街区","1"
"嘉定区","曹安公路与黄家花园路交叉口","1"
"市中区","中国工商银行(山东省分行)","1"
"碑林区","文艺北路","1"
"沙市区","红门路","1"
"美兰区","白沙门公园游乐场售票处","1"
"槐荫区","党杨路与刘长山路交叉口","1"
"夏津县","夏津德百商贸城","1"
"惠阳区","俄之塘南五街","1"
"琼山区","中山","1"
"卧龙区","南阳汽车站","1"
"锦江区","春熙路(地铁站)","1"
"桦甸市","光明路","1"
"盖州市","西海立交桥","1"
"东区","旅客家宾馆","1"
"玉田县","伯雍街","1"
"黄骅市","耀华商厦","1"
"莲池区","东关大街","1"
"雨花区","长沙市雨花区人民政府","1"
"惠农区","惠农区红果子镇综合治理中心","1"
"云龙区","开甲·尚仕名邸","1"
"汤阴县","河阳寺","1"
"浦东新区","上海市浦东新区潍坊新村街道社区保安队","1"
"路桥区","台州渝帆机电科技","1"
"香洲区","珠海市紫荆中学(凤凰路校区)","1"
"东港区","新天地","1"
"道县","锦绣花园","1"
"荔波县","石灰坳小学","1"
"义乌市","义乌市第三中学","1"
"竞秀区","星光国际商务酒店","1"
"薛城区","薛城区财政局","1"
"思明区","斗西路口","1"
"黄岛区","山水文苑","1"
"仁和区","东风小康皓升渡仁西线店","1"
"小店区","七港九(育英中学店)","1"
"钢城区","广州路","1"
"固阳县","安达汽修","1"
"余庆县","余庆新余旅社","1"
"市南区","青岛嘉逸豪庭精品酒店","1"
"利州区","龙洞碥大桥","1"
"雷州市","雷州市英利镇人民政府","1"
"西山区","西福路","1"
"东源县","东源大润发一楼风裳美衣","1"
"博罗县","东华学校","1"
"师宗县","凤凰谷","1"
"川汇区","马家粮油商行","1"
"镇康县","凤凰路","1"
"临渭区","陕西金骏(渭南办事处)","1"
"崂山区","市委党校(公交站)","1"
"岳麓区","环联路","1"
"岳麓区","芙蓉兴盛","1"
"昌平区","立汤路辅路","1"
"包河区","包河花园","1"
"包河区","金寨路","1"
"武邑县","长安街","1"
"袁州区","天宝路","1"
"大方县","常丰村村委会","1"
"川汇区","大庆路与女娲路交叉口","1"
"奉贤区","奉城南街","1"
"船山区","永逸家居店地面停车场","1"
"峰峰矿区","中共邯郸市峰峰矿区滏阳东路街道东沟社区支部委员会","1"
"松山区","松山区第四中学","1"
"市北区","海信湖岛世家二期营销中心","1"
"玉门市","西湖","1"
"卧龙区","港达商贸城","1"
"船山区","滨江中路","1"
"赤坎区","金沙湾广场","1"
"惠阳区","草洋石材市场","1"
"卧龙区","仲景路信臣路口(公交站)","1"
"惠阳区","白云坑市场(装修中)","1"
"博爱县","清化医院门诊","1"
"巴楚县","巴楚步行街","1"
"江城区","中山公园","1"
"双流区","南湖公园","1"
"云龙区","百惠家美时超市(丰储街店)","1"
"集美区","嘉庚体育馆","1"
"大姚县","永丰水库","1"
"城区","阳泉市义井中学","1"
"崇仁县","新人民医院(公交站)","1"
"牧野区","荣校东路福彩街(公交站)","1"
"湖里区","枋钟路","1"
"李沧区","汉川路与金水路交叉口","1"
"大埔县","梅河公园","1"
"余庆县","龙溪镇人民政府","1"
"镇平县","锦上花购物中心","1"
"永胜县","环城北路","1"
"沛县","顺河路","1"
"赫山区","中国工商银行(东新支行)","1"
"云溪区","交通花园(新埠东路)","1"
"金平区","龙华街","1"
"涞水县","冲之大街与涞阳路交叉口","1"
"船山区","机场小区A区","1"
"双牌县","阳明山国家森林公园","1"
"城厢区","兴安名城C区","1"
"鼓楼区","开封市正大家属院","1"
"涉县","龙城小区","1"
"广宁县","南东一路","1"
"文峰区","弦歌大道与曙光路交叉口","1"
"南丰县","丹阳桥","1"
"郯城县","山东省郯城县新村银杏产业开发区","1"
"官渡区","第三城丹槿园","1"
"富阳区","朝阳路","1"
"泽州县","河门口村(公交站)","1"
"余庆县","龙家镇先锋村春风小院","1"
"岳麓区","靳江路","1"
"黄山区","黄山区永丰乡人民政府","1"
"祥符区","汪屯桥(公交站)","1"
"高要区","蔚蓝国际","1"
"岳阳楼区","洛王社区居民服务中心","1"
"瑶海区","皇家尚品地面停车场","1"
"万柏林区","晋阳·峰璟","1"
"禹会区","东海大道·中粮大道(公交站)","1"
"淇滨区","黄河路","1"
"海淀区","香泉环岛","1"
"金水区","河南财经政法大学郑东校区","1"
"兰山区","山东临沂远行重汽修理厂(宝友物流店)","1"
"盐田区","壹海城","1"
"莒南县","临沂市公安局交通警察支队板泉中队","1"
"沿滩区","沿滩新城","1"
"香洲区","珠海国家高新区","1"
"宝安区","政丰南路","1"
"娄星区","娄底市自然资源和规划局","1"
"太仓市","横沥村党群服务中心","1"
"镜湖区","芜湖长江大桥","1"
"德庆县","高良出口(S8广佛肇高速西向)","1"
"确山县","爱民超市","1"
"槐荫区","阳光100艺术馆","1"
"垫江县","兴隆花园","1"
"东城区","华商三优汽车充电站(东城区东四十条10116充电扬招站)","1"
"蕉城区","万安路","1"
"兰山区","刘家园街","1"
"确山县","盘龙山公园","1"
"西秀区","中国石化安顺城区干河1加油站","1"
"平阳县","平阳站","1"
"湖里区","马垅(公交站)","1"
"郫都区","铭城玻璃门窗","1"
"黄石港区","黄石市花湖街道办","1"
"阳谷县","郭屯(公交站)","1"
"武进区","夏城中路与武南中路交叉口","1"
"大祥区","双园路","1"
"龙海市","中石化森美迎宾加油站","1"
"潞州区","长治医学院附属和平医院","1"
"镜湖区","万达广场","1"
"蛟河市","万宝蛋糕","1"
"雁塔区","西沣路","1"
"汇川区","珠海路口(公交站)","1"
"纳溪区","丙灵路","1"
"朝阳区","呼家楼","1"
"邓州市","后李洼村公益电影放映点","1"
"和县","富康路","1"
"雨花区","枫树山悦东方小学","1"
"怀集县","凤艳村委会","1"
"兰山区","解放路","1"
"青山湖区","康华园","1"
"固安县","S3601京雄高速","1"
"瑶海区","铜陵路高架桥","1"
"福绵区","广西信祺蛇业虎纹蛙养殖基地","1"
"京口区","北山路","1"
"小店区","小马服装批发城","1"
"高要区","广东源铭废旧物资回收有限公司","1"
"济源市","北水屯村公益电影放映点","1"
"清城区","三加村(公交站)","1"
"丹棱县","S40广洪高速","1"
"兰山区","北京路与孝河路交叉口","1"
"埇桥区","朱仙庄镇人民政府","1"
"朝阳区","北京路客民宿BI9830","1"
"滕州市","轴村(公交站)","1"
"包河区","大强路与龙川路交叉口","1"
"巩义市","新兴路","1"
"龙岗区","大鹿港","1"
"广水市","长岭镇人民政府","1"
"兴仁市","双龙水泥标砖厂","1"
"姑苏区","苏州市姑苏区人民法院","1"
"镇雄县","芒部镇人民政府","1"
"惠城区","中京路与曙光路交叉口","1"
"婺城区","义乌街","1"
"市南区","汇泉路","1"
"花溪区","桐木岭收费站(S01贵阳南环高速入口)","1"
"翁牛特旗","山嘴子村委会","1"
"大祥区","敏州西路","1"
"西工区","洛阳汽车站","1"
"怀集县","汇康堂药店","1"
"莲湖区","五星街","1"
"龙安区","文峰大道","1"
"泊头市","交通大街","1"
"余庆县","二龙村村民委员会","1"
"龙亭区","金明广场","1"
"平桥区","凯旋大道与建设路交叉口","1"
"渝水区","罗坊镇人民政府","1"
"开平市","清风视觉形象设计","1"
"大祥区","雪峰南路","1"
"开平市","平冈村球场","1"
"蕉城区","中南社区警务室","1"
"周村区","正阳路与米山路交叉口","1"
"于洪区","世代龙泽湾","1"
"遂溪县","文车村(公交站)","1"
"望城区","金星路","1"
"市北区","鞍山五路","1"
"细河区","细河公安分局","1"
"尖草坪区","大同路","1"
"北仑区","九峰山","1"
"长葛市","天骄幼儿园","1"
"綦江区","綦江古剑山景区","1"
"蓬江区","北郊市场(天沙四路)","1"
"南明区","都司路","1"
"广安区","广安万和(工厂旗舰店)","1"
"都江堰市","兴贤路","1"
"九龙坡区","重庆白市驿森林公园","1"
"盐田区","老虎涧(不对外开放)","1"
"北仑区","塔峙圃票证博物馆","1"
"任城区","济宁市任城区人民医院","1"
"林州市","太行大峡谷风景区","1"
"尖草坪区","摄乐桥","1"
"潞州区","安昌村民委员会","1"
"湖滨区","黄河公园","1"
"万柏林区","小井峪街道三益社区","1"
"武昌区","粮道街","1"
"什邡市","天桥村民宿聚居点","1"
"历城区","唐冶中路与文苑街交叉口","1"
"岳塘区","益丰大药房(湘潭岚园路)","1"
"康乐县","西街","1"
"北仑区","宝山路","1"
"历城区","历城区政府(公交站)","1"
"雨花区","曙光路","1"
"固始县","幸福社区居委会(中原路)","1"
"江岸区","武汉大道","1"
"崂山区","崂山区世纪广场","1"
"鼓楼区","马市街小学","1"
"灞桥区","河堤路","1"
"周村区","原山大道","1"
"彭泽县","老崔葡萄采摘园","1"
"碧江区","寨桂村退役军人服务站","1"
"埇桥区","夹沟镇人民政府","1"
"天元区","雷打石镇人民政府","1"
"雁塔区","阳光城·紫金城","1"
"胶州市","李哥庄镇政府","1"
"鄞州区","史家巷","1"
"长安区","星程石家庄中山东路乐汇城店","1"
"孝义市","振兴街","1"
"利辛县","刘营(公交站)","1"
"鹿寨县","鹿寨公园(公交站)","1"
"平陆县","南村加油站","1"
"保康县","马良街社区服务中心","1"
"长清区","五峰路","1"
"西陵区","肖家巷","1"
"义乌市","大寒尖山庄","1"
"昌黎县","胡草科村公益电影放映点","1"
"市北区","大港","1"
"廉江市","廉江市城南汽车客运站","1"
"永兴县","金华村委会","1"
"临安区","万家福门业","1"
"二七区","康复前街与铁英街交叉口","1"
"鸠江区","长江路","1"
"章丘区","济南站(公交站)","1"
"铜梁区","蒲吕大桥","1"
"杨浦区","天目山农庄(罗泾)","1"
"市北区","榉林山早市","1"
"市北区","清水湾花园","1"
"太仓市","格林豪泰(太仓浏河镇店)","1"
"掇刀区","石化","1"
"槐荫区","美里湖湿地公园","1"
"市北区","易足道足疗推拿店","1"
"陆良县","陆良电力生活小区","1"
"临安区","龙岗收费站(G56杭瑞高速出口)","1"
"历下区","奥体中路与工业南路交叉口","1"
"振安区","鸭绿江","1"
"金山区","牡丹村三浜2019","1"
"渝北区","白马社区","1"
"乳山市","G1813威青高速","1"
"津市市","长安汽车售后服务咨询点","1"
"驿城区","开源大道与骏马路交叉口","1"
"秦安县","河滨北路","1"
"李沧区","兴华路永平路(公交站)","1"
"双城区","哈尔滨站","1"
"中阳县","滨河巷与滨河西路交叉口","1"
"桐柏县","陈留店村民委员会","1"
"浦东新区","徐浦大桥","1"
"曾都区","毛家棚村村委会","1"
"瑶海区","百大周谷堆大兴农产品批发市场","1"
"邓州市","文化路口(公交站)","1"
"市南区","宁夏路","1"
"陆良县","景秀家园(陆小线)","1"
"长安区","西安祥峪森林公园","1"
"小店区","红寺北街","1"
"竞秀区","花园里梅兰菊社区菊园","1"
"鲤城区","金龙街道办事处","1"
"朝阳区","北京奥林匹克公园","1"
"杞县","银河路","1"
"路桥区","路桥区人民政府峰江街道办事处","1"
"汉阳区","新保利香颂营销中心","1"
"槐荫区","济齐路","1"
"瑶海区","和平路","1"
"黄埔区","万科新里程明·别墅","1"
"门头沟区","涧沟村委会","1"
"海陵区","中国石化周楼加油站","1"
"昌图县","万家汽车维修店","1"
"融水苗族自治县","元宝山","1"
"民权县","任庄旅游风景区","1"
"惠阳区","风田水库","1"
"汝州市","关庙桥","1"
"船山区","卧龙山公园","1"
"长兴县","画溪花园","1"
"湾沚区","喇叭口(公交站)","1"
"沙坪坝区","万达广场","1"
"正安县","和谐医院","1"
"西城区","北京建筑大学(西城校区)","1"
"蓬安县","蓬安县相如广场","1"
"武隆区","重庆市武隆区黄莺乡人民政府","1"
"罗源县","罗源世纪金源购物中心","1"
"相城区","张家港市西张建筑工程有限公司驻苏州办事处","1"
"拱墅区","虎山公园","1"
"溧水区","马占山","1"
"青浦区","淀山湖","1"
"通州区","陈桁村(公交站)","1"
"襄州区","谢洼(公交站)","1"
"南雄市","承平村村委会","1"
"泸县","绿园路与花园路交叉口","1"
"丹徒区","中国石化三山加油站","1"
"万秀区","中山路","1"
"涡阳县","殷庄渡口","1"
"兴庆区","南门广场","1"
"陆良县","马街镇人民政府(陆水线)","1"
"巍山彝族回族自治县","巍宝山乡合作村退役军人服务站","1"
"平和县","中国石化城北加油站","1"
"五华区","金碧公园","1"
"东光县","府前大街与邮政路交叉口","1"
"建邺区","中和路","1"
"汝阳县","付庄村村委会","1"
"金平区","金园路","1"
"江岸区","长安汽车长安欧尚","1"
"浦口区","鼎泰家园","1"
"淮安区","周恩来同志故居","1"
"上城区","凤山公园","1"
"奉贤区","南桥镇人民政府","1"
"瑶海区","好未来教育","1"
"文昌市","文城镇人民政府","1"
"珠山区","新厂西路","1"
"耀州区","铜川市耀州区人民法院","1"
"保康县","牌坊湾(公交站)","1"
"大丰区","白驹镇人民政府","1"
"铜官区","狮子山","1"
"拱墅区","杭州光明顶民宿","1"
"东西湖区","新沟镇小学","1"
"历下区","济南市历下区房屋管理服务中心公用公房服务部","1"
"五河县","天井村村民委员会","1"
"吴兴区","曹家簖村委会","1"
"宛城区","华山路","1"
"通川区","红旗医院","1"
"仓山区","先锋花园","1"
"惠阳区","承修四路","1"
"凤庆县","青树村委会","1"
"江北区","青林湾大桥","1"
"肃北蒙古族自治县","人民医院","1"
"管城回族区","钱塘路","1"
"雁塔区","西安大悦城","1"
"柳北区","北雀路","1"
"瓜州县","河东镇政府","1"
"保康县","环城路","1"
"建湖县","近湖镇财政管理所","1"
"库车市","长宁路","1"
"海淀区","高时明墓","1"
"天门市","百步亭花园","1"
"历下区","东关大街","1"
"青州市","英科医疗","1"
"邯山区","南湖酒店","1"
"李沧区","李村","1"
"禹王台区","禹王台公园","1"
"竞秀区","朝阳大街","1"
"仁和区","仁和广场","1"
"镇平县","健康路与建设大道交叉口","1"
