"id","Location","count"
"1","上海浦东国际机场","149"
"2","北京大兴国际机场工作区","55"
"3","北京大兴国际机场建设指挥部","43"
"4","上海虹桥国际机场","38"
"5","洪崖洞民俗风貌区","36"
"6","重庆江北国际机场","33"
"7","广州白云国际机场店","32"
"8","北京首都国际机场3号航站楼","29"
"9","解放碑步行街","28"
"10","广州白云国际机场","27"
"11","新街口(地铁站)","22"
"12","上海虹桥站","18"
"13","上海虹桥国际机场2号航站楼","18"
"14","杭州萧山国际机场","16"
"15","深圳宝安国际机场","15"
"16","新街镇工业园区","14"
"17","朝阳公园","13"
"18","北京市人民政府(旧址)","13"
"19","天府永汇","13"
"20","郑州新郑国际机场","13"
"21","武汉天河国际机场","13"
"22","武汉大学","12"
"23","中山公园","11"
"24","成都天府国际机场","11"
"25","成都双流国际机场","10"
"26","G0421许广高速","9"
"27","青岛胶东国际机场","8"
"28","鼓浪屿","8"
"29","观音桥","7"
"30","光谷","7"
"31","天津站(地铁站)","7"
"32","重庆朝天门广场(暂停开放)","7"
"33","长安医药","7"
"34","国贸(地铁站)","7"
"35","香港国际机场","7"
"36","新街口住宅B区","7"
"37","兰州中川国际机场有限公司","7"
"38","深圳机场站","7"
"39","深圳宝安机场(公交站)","7"
"40","朝阳路","7"
"41","万达广场","7"
"42","古城供销","6"
"43","丽江古城","6"
"44","圆明园遗址公园","6"
"45","郑州东站","6"
"46","杭州东站候车区","6"
"47","贵阳龙洞堡国际机场","6"
"48","南京南站南广场","6"
"49","上海月星环球港","6"
"50","海口美兰国际机场","6"
"51","南京禄口国际机场","6"
"52","西安咸阳国际机场","6"
"53","G15沈海高速","6"
"54","G4京港澳高速","6"
"55","南湖公园","5"
"56","奥林匹克森林公园","5"
"57","时尚天河商业广场","5"
"58","天府广场","5"
"59","越秀公园","5"
"60","杭州湖滨银泰in77C3区","5"
"61","北京南站","5"
"62","广州东站","5"
"63","重庆西站","5"
"64","宜兰县","5"
"65","光谷广场","5"
"66","厦门高崎国际机场","5"
"67","五一广场","5"
"68","西单","5"
"69","沙坪坝","5"
"70","万象影城(庐阳万象汇LUXE店)","5"
"71","五角场","5"
"72","方兴大道与机场高速出口交叉口","5"
"73","天津滨海国际机场","5"
"74","西安咸阳机场大巴(西稍门站)","5"
"75","昆明长水国际机场","5"
"76","G65包茂高速","5"
"77","逻岗镇人民政府","5"
"78","万达广场(合肥包河店)","5"
"79","太原南站","4"
"80","鹅岭公园","4"
"81","玄武湖公园","4"
"82","室内步行街(南坪万达广场店)","4"
"83","珠江新城(地铁站)","4"
"84","中关村雍和航星科技园","4"
"85","重庆北站","4"
"86","重庆大学城","4"
"87","中山路","4"
"88","三里屯太古里","4"
"89","北京路步行街","4"
"90","杭州(包含宁波)","4"
"91","来福士购物中心","4"
"92","柳泉路","4"
"93","香港(广东道)","4"
"94","青岛市人民政府","4"
"95","平遥古城","4"
"96","正佳广场","4"
"97","北京首都国际机场","4"
"98","世纪汇广场(商场)","4"
"99","成都杜甫草堂博物馆","4"
"100","飞虹桥","4"
"101","北大街","4"
"102","北京西站","4"
"103","七寨湖公园","4"
"104","北京大兴国际机场","4"
"105","机场(地面运输中心)(公交站)","4"
"106","G55二广高速","4"
"107","G50沪渝高速","4"
"108","滁州(南京国际博览中心)","4"
"109","南京江北新区","4"
"110","长江路","4"
"111","长春这有山舍客栈地下停车点(入口)","4"
"112","江南环球港","4"
"113","山东科技大学","3"
"114","太古汇","3"
"115","上海中心大厦","3"
"116","司门口","3"
"117","春熙路","3"
"118","龙华(地铁站)","3"
"119","观音岩","3"
"120","厦门东山宾馆","3"
"121","两路口(地铁站)","3"
"122","盘锦银行(盘山支行)","3"
"123","王府井","3"
"124","广州塔","3"
"125","龙湖重庆时代天街","3"
"126","上海南站","3"
"127","北京朝阳合生汇","3"
"128","滨河路","3"
"129","洪山广场","3"
"130","观前街","3"
"131","万象城","3"
"132","海淀黄庄(地铁站)","3"
"133","珠江新城","3"
"134","郑州市金水区人民法院","3"
"135","大雁塔","3"
"136","徐家棚桥","3"
"137","北京市海淀区行政服务大厅","3"
"138","天府公园","3"
"139","徐家汇车辆城","3"
"140","上海人民广场","3"
"141","岗厦北(地铁站)","3"
"142","钟楼(地铁站)","3"
"143","万家丽国际购物广场","3"
"144","天河公园","3"
"145","十八湾湿地公园","3"
"146","西湖李家实业发展有限公司","3"
"147","包河大道","3"
"148","奥林匹克花园2期停车场(出入口)","3"
"149","G40沪陕高速","3"
"150","S3501大兴机场高速","3"
"151","大连周水子国际机场","3"
"152","睿达传媒","3"
"153","峨山互通","3"
"154","东山市场","3"
"155","龙门石窟","3"
"156","东湖·御院","3"
"157","光谷二路","3"
"158","G72泉南高速","3"
"159","G12珲乌高速","3"
"160","G25长深高速","3"
"161","G56杭瑞高速","3"
"162","南岳收费站(S51南岳高速东南向)","3"
"163","G42沪蓉高速","3"
"164","G5京昆高速","3"
"165","G4221沪武高速","3"
"166","安德","3"
"167","鼓楼(地铁站)","3"
"168","大唐西市","3"
"169","八一路与归德路交叉口","3"
"170","解放路","3"
"171","龙湖长楹天街购物中心","3"
"172","大悦城","3"
"173","中茵广场","3"
"174","日月光宾馆(塘下涌店)","3"
"175","陆家嘴","3"
"176","大同路与福寿街交叉口","3"
"177","上海青浦吾悦广场","3"
"178","文化路","3"
"179","新兴路","3"
"180","厦门大学思明校区","2"
"181","山东财经大学舜耕校区","2"
"182","帝都广场写字楼","2"
"183","凯德广场·学府","2"
"184","洱海公园","2"
"185","盘龙立交","2"
"186","东圃(地铁站)","2"
"187","武林广场","2"
"188","怡园小区","2"
"189","江西师范大学瑶湖校区","2"
"190","香港中文大学","2"
"191","勒泰中心","2"
"192","中国海洋大学崂山校区","2"
"193","南京夫子庙","2"
"194","IFS国金中心","2"
"195","万达广场(重庆南坪店)","2"
"196","郑州大学","2"
"197","贵阳阿哈湖国家湿地公园-杜鹃花谷","2"
"198","清华大学","2"
"199","菜园坝","2"
"200","深圳北站","2"
"201","四川美术学院虎溪校区","2"
"202","中山路步行街","2"
"203","地安门","2"
"204","大连海事大学","2"
"205","凤凰南华门山庄","2"
"206","太舞度假小镇","2"
"207","花乡茶叶","2"
"208","长沙大学城·河西大学城","2"
"209","电子科技大学清水河校区","2"
"210","西安软件园","2"
"211","涠洲岛-滴水丹屏景区","2"
"212","二厂文创公园","2"
"213","山东(青岛国际会展中心)","2"
"214","弹子石","2"
"215","良乡","2"
"216","南头古城","2"
"217","中南民族大学","2"
"218","南石家庄(公交站)","2"
"219","观澜(地铁站)","2"
"220","东和城广场","2"
"221","华润中心","2"
"222","解放碑日月光民宿(和平路分店)","2"
"223","南山公园","2"
"224","二七广场","2"
"225","谷山林场","2"
"226","乐昌碧桂园","2"
"227","阿里巴巴西溪A区","2"
"228","照母山森林公园","2"
"229","BAYU CROSSFIT(日月光购物中心店)","2"
"230","成都太古里","2"
"231","较场口(地铁站)","2"
"232","迎泽公园","2"
"233","华中科技大学","2"
"234","东街口","2"
"235","丽达购物中心","2"
"236","万达广场(厦门湖里店)","2"
"237","群力","2"
"238","东山","2"
"239","浦沿(地铁站)","2"
"240","中基宁波集团","2"
"241","江汉路(地铁站)","2"
"242","上新街索道站(索道站)","2"
"243","山城饭局·市井江湖菜(南坪万达店)","2"
"244","七星岗(地铁站)","2"
"245","杭州西湖风景名胜区苏堤","2"
"246","上海国金中心商场","2"
"247","新街口步行街","2"
"248","青岛路","2"
"249","山东师范大学长清湖校区","2"
"250","中共咸阳市公安局渭城分局纪律检查委员会","2"
"251","巨甸派出所","2"
"252","北京西站南广场","2"
"253","青岛北站","2"
"254","湄公河印象","2"
"255","西南大学(北碚校区)","2"
"256","沙滨路","2"
"257","海港城(港威商场)","2"
"258","广州地铁新造车辆段","2"
"259","徐家棚(地铁站)","2"
"260","西二旗(地铁站)","2"
"261","新站区","2"
"262","石油路","2"
"263","人民广场(地铁站)","2"
"264","金钟村党员活动室","2"
"265","西直门(地铁站)","2"
"266","车公庙(地铁站)","2"
"267","南京站(地铁站)","2"
"268","虹桥街道办事处","2"
"269","西九龙地产","2"
"270","青西郊野公园","2"
"271","宝能城","2"
"272","桔子水晶西安钟楼酒店","2"
"273","岗厦(地铁站)","2"
"274","梦恋衣坊(金都大厦店)","2"
"275","广州南站","2"
"276","国大城市广场","2"
"277","西安站","2"
"278","黑龙江省医院香坊院区","2"
"279","观山湖公园","2"
"280","湛园海德公园","2"
"281","雀儿山公园","2"
"282","三板溪公园","2"
"283","沈阳万象城","2"
"284","泉城公园","2"
"285","清凉山森林公园","2"
"286","南海子公园","2"
"287","乌苏市森林公园","2"
"288","鸳鸯池公园","2"
"289","八公山风景区售票处","2"
"290","十二生肖公园","2"
"291","五指山","2"
"292","厦门大桥","2"
"293","上海虹桥机场(公交站)","2"
"294","机场(地铁站)","2"
"295","武汉港","2"
"296","温州机场(公交站)","2"
"297","哈尔滨太平国际机场","2"
"298","重庆万象城","2"
"299","银川河东国际机场","2"
"300","合肥新桥国际机场","2"
"301","佛山沙堤机场","2"
"302","杭州西湖湖滨银泰CitiGO欢阁酒店","2"
"303","东升防水","2"
"304","北京首都国际机场2号航站楼","2"
"305","长宁来福士","2"
"306","机场路","2"
"307","北京首都国际机场1号航站楼(暂停营业)","2"
"308","大坪路","2"
"309","九华山","2"
"310","人和镇人民政府","2"
"311","机场高速","2"
"312","西樵","2"
"313","鼓楼派出所","2"
"314","上里古镇","2"
"315","龚家岭收费站(S7武鄂高速西北向)","2"
"316","新华广场","2"
"317","翠园路","2"
"318","御福酒业(禹洲中央海岸二期店)","2"
"319","北辰路与站前路交叉口","2"
"320","龙山镇人民政府","2"
"321","碧鸡关隧道","2"
"322","滨江路","2"
"323","山大南路","2"
"324","长峪城(暂停开放)","2"
"325","中山西路-路侧停车位","2"
"326","中国福利彩票(江汉印象城B座店)","2"
"327","中原西路杏湾路(公交站)","2"
"328","向荣巷与自强东路交叉口","2"
"329","君子路","2"
"330","饭甑尖","2"
"331","云顶岩寺","2"
"332","顺河村村民委员会","2"
"333","S24绍诸高速","2"
"334","阳台山","2"
"335","龙阳大道","2"
"336","光谷创业街","2"
"337","山东高速","2"
"338","G45大广高速入口(长春方向)","2"
"339","闵浦大桥","2"
"340","G35济广高速","2"
"341","S1济聊高速","2"
"342","G30连霍高速","2"
"343","台商区","2"
"344","G1211吉黑高速","2"
"345","神农小区","2"
"346","四会市森普新材料科技有限公司","2"
"347","和县收费站(S22天天高速出口)","2"
"348","苗王城西收费站(S15松从高速入口)","2"
"349","S14汕湛高速","2"
"350","G5012恩广高速","2"
"351","郑州财经学院","2"
"352","G3京台高速","2"
"353","京港澳高速口(公交站)","2"
"354","南滩派出所","2"
"355","华鲁街与建设路交叉口","2"
"356","S12申嘉湖高速","2"
"357","S71华常高速","2"
"358","诸暨收费站(G60沪昆高速出口)","2"
"359","栖霞收费站(G25长深高速入口)","2"
"360","S27东永高速","2"
"361","马鞍山","2"
"362","郴州市儿童医院","2"
"363","黄陂区六指街道西湖村委会","2"
"364","桂东县人民医院","2"
"365","北京银行(青年路支行)","2"
"366","燕郊镇人民政府","2"
"367","儿童公园","2"
"368","新民场","2"
"369","廉州镇廉西小学","2"
"370","牛角沱(地铁站)","2"
"371","申通快递(太白路)","2"
"372","东关屯派出所","2"
"373","马沧湖","2"
"374","白云嶂","2"
"375","彭水妇幼保健院","2"
"376","重庆万友都成智电iDD长安新能源","2"
"377","国宝轮胎","2"
"378","北营新村丰景佳园","2"
"379","黄柏峪","2"
"380","环城路","2"
"381","解放西路","2"
"382","星力城A馆","2"
"383","胜利路","2"
"384","千灵山","2"
"385","遵义医学院(公交站)","2"
"386","深圳市福田中学","2"
"387","金华村委会","2"
"388","武商梦时代","2"
"389","洛阳桥","2"
"390","长清大学城商业街","2"
"391","朝阳大悦城","2"
"392","振兴街","2"
"393","国贸商城","2"
"394","澳门上葡京综合度假村","2"
"395","国泰广场","2"
"396","龙湖·U城","2"
"397","唐山吾悦广场","2"
"398","静安大悦城","2"
"399","厦门万象城","2"
"400","恒隆广场","2"
"401","湖岸新城","2"
"402","西安路","2"
"403","步步高","2"
"404","东方新天地","2"
"405","金鹰湖滨天地","2"
"406","九九广场(美的专卖店)","2"
"407","麦德龙(厦门湖里商场)","2"
"408","兰州中心","2"
"409","红旗路","2"
"410","西安城市运动公园","2"
"411","东单(地铁站)","2"
"412","武汉站","2"
"413","湖南国际金融大厦","2"
"414","济南恒隆广场","2"
"415","南浦广场公园","2"
"416","ENZO港汇恒隆广场","2"
"417","两江新区","2"
"418","归德路","2"
"419","LIVAT荟聚(北京荟聚店)","2"
"420","新艺城","2"
"421","古曲路","2"
"422","南站幸福路","2"
"423","丛台路","2"
"424","厦门园林博览苑","2"
"425","梁山村村民委员会","2"
"426","观堂乡人民政府","2"
"427","银河路","2"
"428","天宫北路","2"
"429","胜利东街","2"
"430","大同路","2"
"431","滨江中路","2"
"432","王家台后村级组织服务站","2"
"433","台电大坑水库","2"
"434","太湖路与济南路交叉口","2"
"435","杞福巷","2"
"436","武昌站","2"
"437","东关大街","2"
"438","学院路","2"
"439","铁橛山路","2"
"440","洛门镇人民政府","2"
"441","曙光小区","2"
"442","获鹿镇人民政府","2"
"443","紫金山","2"
"444","磨石庵村公益电影放映点","2"
"445","潍坊市坊子区凤凰街道社区卫生服务中心","2"
"446","巴朗山","2"
"447","安阳市实验中学","2"
"448","后城镇人民政府","1"
"449","市道路运输管理局(公交站)","1"
"450","宜家家居(宝山商场)","1"
"451","交通公园","1"
"452","望牛墩文化广场(公交站)","1"
"453","天长岭隧道","1"
"454","上海外滩茂悦大酒店(装修中)","1"
"455","乐天大街","1"
"456","南湖校区社区居委会","1"
"457","瑞幸咖啡沈阳师范大学南区店","1"
"458","红鑫新村","1"
"459","三亚美高梅度假酒店","1"
"460","龙湖金融岛","1"
"461","镇坪路(地铁站)","1"
"462","农资公司小区","1"
"463","忻州师范学院(新校区)","1"
"464","周门","1"
"465","四川省成都市武侯高级中学","1"
"466","龚尚嘉苑","1"
"467","西北农林科技大学北校区","1"
"468","上海交通大学闵行校区密西根学院","1"
"469","福州大学旗山校区","1"
"470","银河山庄","1"
"471","正阳时代广场(正阳女人淘宝大世界西南)","1"
"472","雁滩北面滩新村","1"
"473","东华大学延安路校区","1"
"474","范崎路","1"
"475","东李村(公交站)","1"
"476","万达广场(泉州浦西店)","1"
"477","曾厝垵","1"
"478","保定万博广场","1"
"479","宁夏大学贺兰山校区","1"
"480","Tineco添可(万达旗舰店)","1"
"481","重庆大学A区学生公寓","1"
"482","良凤江国家森林公园","1"
"483","金海湖","1"
"484","香港大学","1"
"485","天鹅花苑","1"
"486","天津市公安局北辰分局","1"
"487","大同古城","1"
"488","赣州西站","1"
"489","昆玉九里","1"
"490","威海乳山市银滩海滩","1"
"491","广西壮族自治区药用植物园","1"
"492","浙江省萧山中学","1"
"493","陶铸公园","1"
"494","天津大学卫津路校区","1"
"495","龙湖西安曲江星悦荟","1"
"496","白云山风景名胜区售票处","1"
"497","福田小区","1"
"498","盛天东郡","1"
"499","北京银泰中心in01","1"
"500","辽河","1"
"501","海淀区第二实验小学(清宁校区)","1"
"502","魁星楼","1"
"503","锦林公园","1"
"504","中山广场","1"
"505","荷花苑","1"
"506","湖北工业大学","1"
"507","长沙黄花国际机场","1"
"508","成都王府井购物中心(科华店)","1"
"509","首尔798韩国料理地区(五道口东源店)","1"
"510","长嘉汇","1"
"511","怒江大峡谷","1"
"512","玉渊潭公园","1"
"513","南阳师范学院","1"
"514","阳朔栖溪美地度假酒店","1"
"515","嘉陵江大桥","1"
"516","郑州市管城回族区人民医院","1"
"517","风景区(公交站)","1"
"518","景山公园","1"
"519","江西禹港国际卡丁车馆","1"
"520","上海共舞台","1"
"521","天津广播电视台(卫津路)","1"
"522","金域豪庭","1"
"523","湖南博物院","1"
"524","民治(地铁站)","1"
"525","海底世界","1"
"526","罗家路","1"
"527","贵州大学东校区","1"
"528","三胞国际广场","1"
"529","海底捞火锅(悠方店)","1"
"530","俪湖天地","1"
"531","凤达山庄","1"
"532","成都市新津区人民政府","1"
"533","重庆佛图关公园","1"
"534","皇后中心","1"
"535","中华民族博物院","1"
"536","金地商都(徐州彭城店)","1"
"537","重庆美术馆","1"
"538","中南大学北校区","1"
"539","平章府","1"
"540","慧敏冷面麻辣烫(凌水家园店)","1"
"541","深圳保利文化广场","1"
"542","中国矿业大学文昌校区","1"
"543","龙溪(地铁站)","1"
"544","茅山服务区","1"
"545","涠洲岛","1"
"546","三亚湾红树林度假世界","1"
"547","河南省人民医院科教大厦","1"
"548","伊藤洋华堂","1"
"549","南码头","1"
"550","鳌峰苑","1"
"551","一南创意空间","1"
"552","北京朝阳站(地铁站)","1"
"553","湖东新街口","1"
"554","北京科技职业学院","1"
"555","中国藏医药文化博物馆","1"
"556","四惠桥","1"
"557","北方工业大学","1"
"558","华北电力大学","1"
"559","桂元村村委会","1"
"560","城站路与清泰街交叉口","1"
"561","太原市森林公园","1"
"562","筑友集团云南玉溪科技园(建设中)","1"
"563","金阳南路(南)(公交站)","1"
"564","快活林亮欢寨","1"
"565","重庆来福士洲际酒店","1"
"566","甲秀南路","1"
"567","东苏克路","1"
"568","信誉楼","1"
"569","接霞庄","1"
"570","炉边炭","1"
"571","黄山栢景假日酒店","1"
"572","渝宗火锅(得意潮馆店)","1"
"573","右岸嘉园","1"
"574","天池山","1"
"575","中贸广场","1"
"576","石门营收费站(西六环入口)","1"
"577","上清寺","1"
"578","北臧村镇人民政府","1"
"579","清江山水","1"
"580","天安门","1"
"581","华南理工大学五山校区","1"
"582","深圳大学粤海校区","1"
"583","中宁县恩和镇宋庄","1"
"584","黑龙峪村民委员会","1"
"585","昆明植物园","1"
"586","朝天门码头","1"
"587","晨晖·西海岸广场","1"
"588","下城区综合楼","1"
"589","昆明市海口林场森林公园","1"
"590","天津天河城购物中心(金街店)","1"
"591","西土城(地铁站)","1"
"592","巢上城","1"
"593","三合嘉苑","1"
"594","信息枢纽大厦","1"
"595","长春工业大学南湖校区","1"
"596","海心沙亚运公园","1"
"597","弘善家园","1"
"598","北京东直门三里屯王府井公寓","1"
"599","浙江大学(玉泉校区)","1"
"600","华南农业大学","1"
"601","赣州市人民医院","1"
"602","西北大学太白校区","1"
"603","乌兰布统景区","1"
"604","武汉大学工学部","1"
"605","北京西山国家森林公园鬼笑石","1"
"606","山东农业大学泮河校区学生公寓","1"
"607","顺美华庭","1"
"608","大华面馆","1"
"609","岳家湖公园","1"
"610","和翔花园","1"
"611","衡山路(地铁站)","1"
"612","星河驾校","1"
"613","雨润新城","1"
"614","杨梅竹斜街","1"
"615","麒麟庄园","1"
"616","万象城二期","1"
"617","朱家角","1"
"618","亚东商业广场","1"
"619","乐业园小学","1"
"620","龙文互通主线桥","1"
"621","青岛科技大学(崂山校区)","1"
"622","陕西国际商贸学院","1"
"623","赛格尔国际大厦","1"
"624","老街","1"
"625","六片山","1"
"626","南山村(公交站)","1"
"627","香港中路","1"
"628","净月潭国家森林公园","1"
"629","银座商城(东城店)","1"
"630","首创国际半岛展位(暂停营业)","1"
"631","廊坊市自然公园-欢乐动物园","1"
"632","逸仙路","1"
"633","龙岗老干中心(公交站)","1"
"634","高行绿洲五期","1"
"635","朱家花园","1"
"636","呼家楼(地铁站)","1"
"637","先锋书店(老门东店)","1"
"638","三亚亚龙湾国家旅游度假区","1"
"639","隋唐洛阳城应天门遗址","1"
"640","潇湘奥林匹克花园","1"
"641","木兰大道","1"
"642","重庆市合川区双凤镇佛山村村民委员会","1"
"643","哈尔滨工业大学深圳校区","1"
"644","杭州湖滨银泰in77","1"
"645","雁塔立交","1"
"646","成都娇子音乐厅","1"
"647","维多利亚时代","1"
"648","东岗立交桥","1"
"649","黄埔大道(地铁站)","1"
"650","北仑上海","1"
"651","台铃电动车(白沙洲大道店)","1"
"652","深圳湾公园","1"
"653","保利管道(U6街区店)","1"
"654","花果园","1"
"655","天主教重庆总教区江北城德肋撒天主堂","1"
"656","桂芳园6期","1"
"657","阅城国际花园","1"
"658","龙湖虹桥天街购物中心","1"
"659","新华科技大厦","1"
"660","沌口","1"
"661","人民公园","1"
"662","海宴镇望头村新时代文明实践站","1"
"663","仓山园生活区","1"
"664","北京电影制片厂(装修中)","1"
"665","祠堂","1"
"666","莲花山公园","1"
"667","黄阁(地铁站)","1"
"668","庆菱路","1"
"669","华银南苑","1"
"670","洪山区行政中心","1"
"671","余姚路与胶州路交叉口","1"
"672","东六环","1"
"673","上大聚丰园","1"
"674","横省石牌坊","1"
"675","窑埠古镇","1"
"676","桃园二巷","1"
"677","燕山","1"
"678","蓝月湾(公交站)","1"
"679","龙胜管","1"
"680","渣滓洞监狱旧址","1"
"681","杉木村农贸市场","1"
"682","青岛西海岸新区","1"
"683","洛浦路","1"
"684","徐悲鸿故居","1"
"685","缤舍酒店(成都春熙路店)","1"
"686","麻省理功-深海烤鱼(江南环球港店)","1"
"687","明孝陵景区","1"
"688","官渡森林公园","1"
"689","普者黑风景区","1"
"690","彩云村","1"
"691","泰安汽车总站","1"
"692","昌乐桂河湿地公园","1"
"693","花卉园","1"
"694","新德公寓","1"
"695","芙蓉南路","1"
"696","玉佛山风景区-二一九公园","1"
"697","曹路(地铁站)","1"
"698","巴滨路","1"
"699","南洲(地铁站)","1"
"700","福永(地铁站)","1"
"701","成都IFS-座椅","1"
"702","新疆农业大学(老满城校区)","1"
"703","东环广场","1"
"704","南益·名泉春晓","1"
"705","红梅公园","1"
"706","华信家园","1"
"707","邢台学院","1"
"708","清新体育公园","1"
"709","恒大中渝广场","1"
"710","曙光小区(永安街)","1"
"711","凤起路(地铁站)","1"
"712","金阳国际饭店","1"
"713","罗定风车山","1"
"714","营门口","1"
"715","万秀新村","1"
"716","惠阳碧桂园(公交站)","1"
"717","西安市临潼区北十字仟禧自助涮烤店","1"
"718","万福人家(金丰路)","1"
"719","富华泸州桂圆","1"
"720","江南贡院","1"
"721","南宁吴圩国际机场","1"
"722","东门町广场","1"
"723","桓仁客运站","1"
"724","龙首原(地铁站)","1"
"725","赤峰装饰","1"
"726","星语特教十堰中心校区","1"
"727","蠡湖大桥","1"
"728","三亚太阳湾柏悦酒店","1"
"729","佛山一环","1"
"730","新都汇时代广场","1"
"731","延安新区","1"
"732","上海海洋大学(临港校区)","1"
"733","天津市咸水沽第一中学","1"
"734","李子坝(地铁站)","1"
"735","金陵饭店","1"
"736","喻园小区一期","1"
"737","城中村村委会","1"
"738","南京工程学院(江宁校区)","1"
"739","富克斯流行广场","1"
"740","济南大学主校区","1"
"741","丽江和府洲际度假酒店","1"
"742","红博会展购物广场","1"
"743","江东(公交站)","1"
"744","楚河汉街","1"
"745","茂业天地(清扬店)","1"
"746","华阳广场国际大饭店","1"
"747","秋林食品(往事专卖店)","1"
"748","南湖路","1"
"749","宁波银行(吴山小微企业专营支行)","1"
"750","钵池山公园","1"
"751","龙池国家森林公园","1"
"752","台州市路桥中学","1"
"753","重庆渝融豪生酒店","1"
"754","上海世家","1"
"755","天津医学高等专科学校","1"
"756","望京","1"
"757","广州市白云山风景名胜区","1"
"758","维也纳酒店(深圳国际会展中心西环路店)","1"
"759","环贸 iAPM","1"
"760","百花小区","1"
"761","两路","1"
"762","深圳会展中心","1"
"763","武清仁和医院","1"
"764","南开大学校园快递","1"
"765","黄泥塝","1"
"766","东营银行","1"
"767","悦来会展中心","1"
"768","大庆油田总医院","1"
"769","驻马店市第四人民医院","1"
"770","佳家花园","1"
"771","抚琴(地铁站)","1"
"772","华北理工大学曹妃甸校区","1"
"773","中新城上城地下停车场","1"
"774","深圳中心公园","1"
"775","三角洲军马酒(万明里店)","1"
"776","汉丰","1"
"777","赣南师范大学","1"
"778","武汉职业技术学院东区都市丽人服装学院","1"
"779","昌盛大药房万达旅游城店","1"
"780","五源河体育场","1"
"781","青秀山风景区","1"
"782","贺龙体育馆","1"
"783","北京师范大学附属实验中学(北校区)","1"
"784","天津工大宾馆","1"
"785","湖南第一师范学院(东方红校区)","1"
"786","郑州市森林公园","1"
"787","枣庄职业学院","1"
"788","乐居场小区","1"
"789","杨公堤","1"
"790","瘦西湖风景区-凉亭","1"
"791","ibp国际会议中心","1"
"792","盘山","1"
"793","南昌大学青山湖校区北区","1"
"794","青岛中山公园","1"
"795","新城公寓","1"
"796","万家批发商行","1"
"797","河南省人民医院","1"
"798","建国门(地铁站)","1"
"799","桐泾公园","1"
"800","马家浜考古遗址公园","1"
"801","磁器口古镇","1"
"802","北岭山森林公园","1"
"803","大理古城","1"
"804","广东奥林匹克体育中心","1"
"805","圣象天门服务中心","1"
"806","万达广场(安阳店)","1"
"807","深圳华侨城旅游度假区-生态广场","1"
"808","内蒙古农业大学西校区","1"
"809","康桥溪山御府","1"
"810","成都市高新区","1"
"811","大冰的小屋","1"
"812","湖北大学(地铁站)","1"
"813","上海天然气管网有限公司(华夏西路)","1"
"814","蛇口大厦","1"
"815","宜家家居(上海徐汇商场)","1"
"816","海底捞外送(金通路店)","1"
"817","武汉科学技术馆","1"
"818","观澜版画村版画基地","1"
"819","万达广场(厚街店)","1"
"820","虎丘区","1"
"821","王府井购物中心","1"
"822","九峰居委会退役军人服务站","1"
"823","桂阳街道(公交站)","1"
"824","杭州师范大学仓前校区","1"
"825","南京信息工程大学水文气象学院","1"
"826","国家林业和草原局管理干部学院","1"
"827","银泰红城(建设中)","1"
"828","红石湖公园","1"
"829","茅荆坝森林公园","1"
"830","欢乐海岸PLUS","1"
"831","西北大学附属中学郭杜校区","1"
"832","广济寺","1"
"833","空军特色医学中心南楼停车场","1"
"834","旧鼓楼大街","1"
"835","燕郊","1"
"836","河南水利与环境职业学院花园路校区","1"
"837","深圳市少年宫(装修中)","1"
"838","天津市河东区职工大学","1"
"839","南京艺术学院","1"
"840","朝天门长江大桥","1"
"841","虎门站","1"
"842","山塘街","1"
"843","史记记忆火锅(洪崖洞总店)","1"
"844","良玛装饰","1"
"845","中国西部科技创新港陕建指挥部","1"
"846","成都欢乐谷","1"
"847","李子坝九宫格火锅(中铁瑞城3号线店)","1"
"848","鼓楼","1"
"849","葡文书局","1"
"850","莘庄(地铁站)","1"
"851","勇卫商务大厦","1"
"852","西安交通大学兴庆校区","1"
"853","深圳嘉里中心","1"
"854","聊大花园","1"
"855","西塘古镇景区","1"
"856","东北财经大学","1"
"857","河南大学金明校区","1"
"858","复旦大学邯郸校区","1"
"859","马祖岩村委会","1"
"860","广东理工职业学院(中山校区)","1"
"861","樊记腊汁肉","1"
"862","华南师范大学(广州校区石牌校园)","1"
"863","三元大桥","1"
"864","济南西站","1"
"865","临汾职业技术学院","1"
"866","印象欧洲","1"
"867","三星超市","1"
"868","西木小区","1"
"869","武汉大学图书馆(总馆)","1"
"870","洪山礼堂广场","1"
"871","北京大学","1"
"872","瞻园","1"
"873","兰州大学城关校区","1"
"874","浙江农林大学东湖校区","1"
"875","新城花园(维扬路)","1"
"876","广西师范大学(雁山校区)","1"
"877","上海美豪丽致酒店管理有限公司","1"
"878","横岗","1"
"879","喀格图","1"
"880","庆隆·海客瀛洲","1"
"881","大羊坊收费站(G2京沪高速东南向)","1"
"882","中国海洋大学崂山校区图书馆","1"
"883","角门西里七号院","1"
"884","十里长街","1"
"885","外企大厦","1"
"886","九华山风景区","1"
"887","东方体育中心(地铁站)","1"
"888","广州图书馆","1"
"889","百花园小区","1"
"890","常乐村","1"
"891","两路口皇冠大扶梯","1"
"892","聊城大学东校区","1"
"893","北极村","1"
"894","翠屏村村民委员会","1"
"895","金科·天湖小镇","1"
"896","思古桥村农产品电商中心","1"
"897","岳各庄村民委员会","1"
"898","世界金融中心","1"
"899","BouchonBistro·布熊小馆(万达行政公馆店)","1"
"900","杨柳青","1"
"901","世茂·世界湾花园","1"
"902","联想总部(北京)园区","1"
"903","建林宾馆","1"
"904","九州家园","1"
"905","恒大华府(寒溪路)","1"
"906","漳州站","1"
"907","汇一城","1"
"908","外滩99","1"
"909","万达影城(建邺万达广场店)","1"
"910","创富大厦(大连路)","1"
"911","岳都海景公寓","1"
"912","玉舍收费站(G56杭瑞高速出口)","1"
"913","万达广场(大庆萨尔图店)","1"
"914","澳海·澜庭","1"
"915","中山陵景区","1"
"916","吉联MALL","1"
"917","大石(地铁站)","1"
"918","龙屯立交桥","1"
"919","东方明珠广播电视塔(公交站)","1"
"920","太阳宫村","1"
"921","公明充电","1"
"922","李子坝村村民委员会","1"
"923","北京站","1"
"924","中国科学院西双版纳热带植物园","1"
"925","河南科技学院图书馆","1"
"926","湖滨步行街","1"
"927","大连医科大学","1"
"928","西安烤面筋","1"
"929","星光耀","1"
"930","兰州大学第二医院本部","1"
"931","昌乐县中医院","1"
"932","盐田港","1"
"933","豹澥街道社区居委会","1"
"934","里耶古城遗址(装修中)","1"
"935","姜山路","1"
"936","银河大酒店","1"
"937","大同大学(御东校区南校区)","1"
"938","农科院社区居委会","1"
"939","百姓家经济酒店","1"
"940","白马公园","1"
"941","万科时一区","1"
"942","成都新城旅馆","1"
"943","西善桥","1"
"944","西安北站","1"
"945","伏羲路步行街","1"
"946","新港西路","1"
"947","津南新城(公交站)","1"
"948","平江路","1"
"949","阳光水岸度假村","1"
"950","四川省体育馆","1"
"951","广安高新区创新创业服务中心","1"
"952","黄果树大厦","1"
"953","盛普轮胎(京怀汽配城)前置仓","1"
"954","温州商贸城(青年街)","1"
"955","大学城馨园","1"
"956","杭州师范大学下沙校区","1"
"957","长安广场(地铁站)","1"
"958","杏花公园","1"
"959","新乡市宏达卫材有限公司","1"
"960","石岩汽车站","1"
"961","华信街红磡(北)渡轮码头(轮渡站)","1"
"962","东方绿舟","1"
"963","龙湖重庆春森星悦荟","1"
"964","包公园","1"
"965","绿都·塞纳春天","1"
"966","梵净山风景区","1"
"967","莘城公寓","1"
"968","山东药品食品职业学院","1"
"969","徐州市贾汪区人民医院","1"
"970","金色康城","1"
"971","英利大融城","1"
"972","汉峪金谷","1"
"973","北园居住小区","1"
"974","如家商旅(意大利风情街店)停车场(入口)","1"
"975","长安粘胶","1"
"976","山东理工大学","1"
"977","新兴宾馆(普惠西街)","1"
"978","南浔古镇","1"
"979","福建农林大学(金山校区)","1"
"980","洪崖洞夜市街区","1"
"981","长江大桥","1"
"982","清濛村委会","1"
"983","环市北河大桥","1"
"984","神武门(公交站)","1"
"985","小寨村村委会","1"
"986","革新路","1"
"987","林湖别墅","1"
"988","星巴克(深圳阿里中心店)","1"
"989","金港国际","1"
"990","山东中医药高等专科学校","1"
"991","青铜山","1"
"992","大连工业大学","1"
"993","南宁中房","1"
"994","青年路中(公交站)","1"
"995","武夷学院","1"
"996","东原中心写字楼","1"
"997","乐山大道","1"
"998","毛许路","1"
"999","上海龙之梦大酒店","1"
"1000","石家庄市北高营小学","1"
"1001","创维大厦","1"
"1002","漓江景区竹筏游览售票处","1"
"1003","吴淞","1"
"1004","东张门村卫生所","1"
"1005","无锡东站","1"
"1006","河北医科大学中山校区","1"
"1007","吉林大学前卫南区","1"
"1008","东莞市横沥人民医院","1"
"1009","灵峰商业步行街","1"
"1010","苏州站","1"
"1011","中国传媒大学","1"
"1012","临江门(地铁站)","1"
"1013","九龙国家湿地公园","1"
"1014","潮宗御苑","1"
"1015","古塔镇人民政府","1"
"1016","杜浔镇人民政府","1"
"1017","商颂大街","1"
"1018","美年大健康体检中心(莆田分院)","1"
"1019","洗耳河","1"
"1020","后厂村路","1"
"1021","四川大学望江校区","1"
"1022","古牧地镇人民政府","1"
"1023","狮山镇人民政府","1"
"1024","南通职业大学","1"
"1025","董公寺社区卫生服务中心","1"
"1026","少陵路","1"
"1027","中渝·滨江壹号","1"
"1028","邙山","1"
"1029","老牌柳来香螺蛳粉(星湖路店)","1"
"1030","佛山市顺德区容桂街道(社保分厅)","1"
"1031","迎春南苑","1"
"1032","小红门","1"
"1033","凌南路","1"
"1034","惠东巽寮湾咸泉庄园度假酒店","1"
"1035","风尚锐体智慧健身空间(海上明月店)","1"
"1036","湖南科技大学","1"
"1037","卢龙服务区","1"
"1038","狮子山街","1"
"1039","西山小区一期","1"
"1040","福清站","1"
"1041","上海植物园","1"
"1042","东方红广场","1"
"1043","金光综艺馆","1"
"1044","南京信息工程大学滨江学院","1"
"1045","江南西(地铁站)","1"
"1046","天津市滨海新区大沽街道总工会","1"
"1047","珠江家园","1"
"1048","钟村","1"
"1049","西城名都","1"
"1050","汾河公园","1"
"1051","南京大学鼓楼校区","1"
"1052","化龙桥(地铁站)","1"
"1053","临西五路","1"
"1054","上海交通大学医学院附属瑞金医院卢湾分院","1"
"1055","田子坊","1"
"1056","广园立交桥","1"
"1057","南昌大桥","1"
"1058","杭州市临平区临平第一中学(望梅校区)","1"
"1059","华东人家","1"
"1060","临沂大学","1"
"1061","新街口豁口(公交站)","1"
"1062","济南世购商贸广场","1"
"1063","成都高新技术产业开发区","1"
"1064","上海市普陀区人民医院","1"
"1065","花梨坎(地铁站)","1"
"1066","杭州石上石材护理有限公司","1"
"1067","古城街","1"
"1068","天宫殿小区","1"
"1069","聚鑫祥殡葬服务站","1"
"1070","滨江道步行街","1"
"1071","印刷宿舍大院","1"
"1072","京华城","1"
"1073","马连道路","1"
"1074","将军大道","1"
"1075","万科上东区","1"
"1076","苏宁广场","1"
"1077","橡树湾","1"
"1078","广东现代国际展览中心","1"
"1079","永泰(地铁站)","1"
"1080","昭君路","1"
"1081","吉林市龙潭区人民政府","1"
"1082","秦淮河风光带","1"
"1083","九龙城(新华东路)","1"
"1084","大王村民委员会","1"
"1085","郑州大学第一附属医院(河医院区)","1"
"1086","七一北路","1"
"1087","玉沙京华城(公交站)","1"
"1088","龙架山","1"
"1089","辽阳万达广场(童)","1"
"1090","世界金龙大厦","1"
"1091","龙洲湾商街","1"
"1092","梧田街","1"
"1093","巴林左旗中蒙医院","1"
"1094","福州市江镜华侨经济开发区","1"
"1095","大沥镇人民政府","1"
"1096","武汉软件新城","1"
"1097","中央复兴里","1"
"1098","玻璃钢研究院(公交站)","1"
"1099","广州(天河南步行街店)","1"
"1100","丽江古城博物院-木府","1"
"1101","威尼斯酒店","1"
"1102","金储村村民委员会","1"
"1103","庐山国家级旅游风景名胜区","1"
"1104","岳麓山","1"
"1105","琶洲(地铁站)","1"
"1106","旺角东(地铁站)","1"
"1107","成都东站","1"
"1108","鼓楼医院","1"
"1109","成都中医药大学温江校区","1"
"1110","惠新西街","1"
"1111","布吉(地铁站)","1"
"1112","北京市海淀区科学技术协会","1"
"1113","虹桥(地铁站)","1"
"1114","陕西历史博物馆","1"
"1115","农讲所(地铁站)","1"
"1116","闽赣加油站(建设中)","1"
"1117","陶然亭公园","1"
"1118","中国地质大学(西区)","1"
"1119","阜埠河(地铁站)","1"
"1120","人民广场(公交站)","1"
"1121","立水桥(地铁站)","1"
"1122","清河站","1"
"1123","华南国家植物园","1"
"1124","十八梯茶楼(熊猫公馆店)","1"
"1125","望京村(公交站)","1"
"1126","虹桥","1"
"1127","黄木岗(地铁站)","1"
"1128","徐家汇","1"
"1129","天府广场(地铁站)","1"
"1130","赤峰路(地铁站)","1"
"1131","国家会展中心(上海)","1"
"1132","白马商贸大厦","1"
"1133","秣周东路(地铁站)","1"
"1134","吉林省中医药科学院第一临床医院","1"
"1135","四川财经职业学院","1"
"1136","厦门站","1"
"1137","五一广场(建设中)","1"
"1138","上海市杨浦区四平街道敬老院","1"
"1139","南京德基广场","1"
"1140","冉家湾大桥","1"
"1141","金鹰国际购物中心(新街口店)","1"
"1142","上海科技馆(装修中)","1"
"1143","宁夏海原县新宇晟枸杞专业合作社","1"
"1144","南京市秦淮区夫子庙街道办事处","1"
"1145","厦门北站","1"
"1146","江东客运站","1"
"1147","龙翔桥(地铁站)","1"
"1148","钱塘市民中心","1"
"1149","City Hall Marriage Registry","1"
"1150","宝龙广场-兴元(宝龙城市广场南区B店)","1"
"1151","招商花园城-POP MART(高新招商花园城北区店)","1"
"1152","凤起路","1"
"1153","杭州西湖风景名胜区-汪宅","1"
"1154","六沟镇人民政府","1"
"1155","西溪国家湿地公园洪园","1"
"1156","德政园","1"
"1157","王家湾(地铁站)","1"
"1158","前海集翔","1"
"1159","兴东小区","1"
"1160","良渚","1"
"1161","宝龙同乐(地铁站)","1"
"1162","贡茶(龙翔学校店)","1"
"1163","南京西路(地铁站)","1"
"1164","十里河","1"
"1165","湖北中医药大学昙华林校区","1"
"1166","中国科学院上海药物研究所","1"
"1167","合肥站","1"
"1168","奥克斯广场","1"
"1169","三阳路","1"
"1170","福鑫珠宝(富强路店)","1"
"1171","番禺广场(地铁站)","1"
"1172","静安寺(地铁站)","1"
"1173","黄木岗","1"
"1174","南山(地铁站)","1"
"1175","长沙银盆岭万达广场","1"
"1176","九亭(地铁站)","1"
"1177","番禺广场","1"
"1178","螃蟹岬(地铁站)","1"
"1179","五大道文化旅游区","1"
"1180","龙阳路","1"
"1181","蒙特利","1"
"1182","冉家坝(地铁站)","1"
"1183","中环(徐汇)绿廊","1"
"1184","大沙地(地铁站)","1"
"1185","天河南(地铁站)","1"
"1186","中南大学湘雅医院","1"
"1187","上海世茂广场","1"
"1188","北京大栅栏","1"
"1189","虎泉山庄","1"
"1190","民族大道","1"
"1191","武陟医院","1"
"1192","美好居","1"
"1193","百望山森林公园","1"
"1194","海口人民公园","1"
"1195","淄博市植物园","1"
"1196","西涌旅游度假区","1"
"1197","云龙公园","1"
"1198","滏阳公园","1"
"1199","银河歌城KTV","1"
"1200","湟水","1"
"1201","紫阳湖公园站自行车租赁点","1"
"1202","航空公园","1"
"1203","七星景区","1"
"1204","湖州儿童公园","1"
"1205","雁鸣湖镇政府","1"
"1206","乾荣世纪公园","1"
"1207","张公山公园","1"
"1208","中国科学院西双版纳热带植物园(昆明分部)","1"
"1209","白沙","1"
"1210","常乐小区","1"
"1211","头屯河谷森林公园地面停车场(出入口)","1"
"1212","西溪国家湿地公园","1"
"1213","大岭山森林公园","1"
"1214","虞山国家森林公园","1"
"1215","黄山鲁森林公园","1"
"1216","雨山湖公园","1"
"1217","辽河公园","1"
"1218","锡惠公园(惠河路)(公交站)","1"
"1219","阳明公园","1"
"1220","深圳市民中心","1"
"1221","世纪公园","1"
"1222","北坞公园","1"
"1223","柳侯公园","1"
"1224","首都师范大学","1"
"1225","郑州市万山森林公园","1"
"1226","桂林村村民委员会","1"
"1227","北山公园","1"
"1228","郑州市人民公园","1"
"1229","花园路","1"
"1230","港湾广场(地铁站)","1"
"1231","泡桐树中学百仁校区","1"
"1232","西流湖公园","1"
"1233","武汉商务区站商业街","1"
"1234","青海弘大(公交站)","1"
"1235","前滩","1"
"1236","青岛太平角公园","1"
"1237","天坛公园","1"
"1238","龙江世纪","1"
"1239","市民公园","1"
"1240","北湖公园","1"
"1241","赤山湖国家湿地公园","1"
"1242","马跑泉公园","1"
"1243","虞山公园","1"
"1244","镇海寺郊野公园","1"
"1245","艾溪湖森林湿地公园","1"
"1246","碧湖镇人民政府","1"
"1247","三角公园","1"
"1248","杜仲公园","1"
"1249","西溪公园","1"
"1250","三一堂","1"
"1251","陈家祠社区居民委员会","1"
"1252","红山公园","1"
"1253","重庆市潼南区新胜镇盘山村退役军人服务站","1"
"1254","门城湖","1"
"1255","青龙湖湿地公园","1"
"1256","拙政园","1"
"1257","黄江梅塘烈士公园","1"
"1258","顾村公园","1"
"1259","中坝(地铁站)","1"
"1260","现代森林花园","1"
"1261","鲁迅公园","1"
"1262","大明宫国家遗址公园","1"
"1263","花城广场","1"
"1264","奥林匹克森林公园北园","1"
"1265","秦皇岛森林体育公园","1"
"1266","和平公园","1"
"1267","无锡锡惠公园售票处","1"
"1268","石湾公园","1"
"1269","常州新城·桃李郡","1"
"1270","花溪公园","1"
"1271","荔林公园","1"
"1272","杨浦大桥出口(五洲大道东向)","1"
"1273","滨湖公园","1"
"1274","慕士塔格冰川公园","1"
"1275","香山公园","1"
"1276","文祠东路","1"
"1277","厦门白鹭洲公园","1"
"1278","文化公园(公交站)","1"
"1279","富阳区城市森林公园","1"
"1280","仙女山国家森林公园","1"
"1281","铁路公园","1"
"1282","羊角山森林公园","1"
"1283","宝安公园","1"
"1284","羊山公园","1"
"1285","东湖","1"
"1286","大雁山","1"
"1287","苏州丝绸博物馆","1"
"1288","神仙湾","1"
"1289","南京老山国家森林公园","1"
"1290","长风公园","1"
"1291","世纪汇小区","1"
"1292","双女石公园","1"
"1293","仙岳公园","1"
"1294","神山公园","1"
"1295","八大处公园","1"
"1296","姜山湿地","1"
"1297","青岛胶州湾隧道","1"
"1298","人民东路","1"
"1299","厉厉茶·新烈士陵园店","1"
"1300","惠山国家森林公园","1"
"1301","绿心公园","1"
"1302","丰荷山","1"
"1303","胶东街道办事处","1"
"1304","机场城市大道","1"
"1305","重庆江北国际机场T2A航站楼","1"
"1306","四川省犍为县大兴镇梧桐村退役军人服务站","1"
"1307","元朗中心","1"
"1308","空港市场","1"
"1309","盘龙江游船售票厅","1"
"1310","大雄宝殿","1"
"1311","济南鲁能希尔顿酒店及公寓","1"
"1312","瓦岗镇人民政府","1"
"1313","五道口(地铁站)","1"
"1314","惠州平潭机场","1"
"1315","图云关隧道","1"
"1316","吉林市公安局吉林经济技术开发区分局机场派出所哨口村警务室","1"
"1317","石家庄正定国际机场","1"
"1318","新洲大桥","1"
"1319","沈阳桃仙国际机场","1"
"1320","北新桥(地铁站)","1"
"1321","咸阳北客站(公交站)","1"
"1322","泉州晋江国际机场","1"
"1323","安慧桥","1"
"1324","三元桥与S12机场高速交叉口","1"
"1325","潮汕机场城市候机楼","1"
"1326","中华世纪坛","1"
"1327","台北四村","1"
"1328","天通苑学校","1"
"1329","南村万博(地铁站)","1"
"1330","白云机场北站","1"
"1331","遂城街道办事处","1"
"1332","战华路与G4216蓉丽高速入口交叉口","1"
"1333","太原武宿国际机场","1"
"1334","黄陂立交桥","1"
"1335","北京首都国际机场T3-C航站楼侯机区","1"
"1336","厦门市安兜小学","1"
"1337","机场高速入口(东向)","1"
"1338","G8511昆磨高速","1"
"1339","广园路","1"
"1340","南昌西收费站(南昌大道出口)","1"
"1341","东方明珠广播电视塔","1"
"1342","南京站","1"
"1343","福州长乐国际机场","1"
"1344","杭州萧山国际机场武林门航站楼","1"
"1345","香榭丽都","1"
"1346","石井","1"
"1347","襄阳刘集机场","1"
"1348","北京天坛普华医院","1"
"1349","星巴克(南宁盛天领域店)","1"
"1350","S92机场高速","1"
"1351","宁波栎社国际机场","1"
"1352","福州国际航空港城市候机厅","1"
"1353","收货区","1"
"1354","北京(上海东昌店)","1"
"1355","经十路与长江东路交叉口","1"
"1356","上海商城","1"
"1357","河南中原高速公路股份有限公司(航空港分公司)","1"
"1358","延安南泥湾机场","1"
"1359","机场路与鄞县大道交叉口","1"
"1360","浃底隧道","1"
"1361","热岛·黄金海岸","1"
"1362","邯郸机场","1"
"1363","慧忠路","1"
"1364","东直门","1"
"1365","上海浦东国际机场2号航站楼","1"
"1366","临沂启阳机场","1"
"1367","S12机场高速","1"
"1368","哈西公路客运站","1"
"1369","锦州客运站(公交站)","1"
"1370","深圳宝安国际机场T3航站楼","1"
"1371","杭州市西湖公证处","1"
"1372","良子健身(华贸一店)","1"
"1373","银川站","1"
"1374","凯德龙之梦","1"
"1375","中国邮政(长水国际机场邮政所)","1"
"1376","福田(地铁站)","1"
"1377","章丘龙山","1"
"1378","洛阳理工学院开元校区","1"
"1379","S33济徐高速","1"
"1380","绵阳南郊机场","1"
"1381","乌鲁木齐地窝堡国际机场","1"
"1382","济南遥墙国际机场","1"
"1383","长春站","1"
"1384","南京禄口国际机场泰州城市候机楼","1"
"1385","小鹏汽车成都机场路销售服务中心停车场","1"
"1386","常州奔牛国际机场","1"
"1387","容海苑","1"
"1388","龍頭男士理发馆(永辉超市傍边)","1"
"1389","东莞理工学院","1"
"1390","机场大道与甬江路交叉口","1"
"1391","荆监一级公路","1"
"1392","徐家楼社区","1"
"1393","建设大街","1"
"1394","泰山路","1"
"1395","郑州现代农业示范区管理委员会","1"
"1396","窑岭湘雅二医院(地铁站)","1"
"1397","笋岗(地铁站)","1"
"1398","悦荟广场","1"
"1399","安徽省昭潭中学","1"
"1400","李村村委会","1"
"1401","厦门市同安区褒建筑农资店","1"
"1402","江变超市","1"
"1403","北外环路","1"
"1404","哈尔滨大饼(棠安路)","1"
"1405","龙居寺村村民委员会","1"
"1406","方山村民委员会","1"
"1407","张槎","1"
"1408","厦门市同安工业集中区","1"
"1409","俱乐部","1"
"1410","临港路","1"
"1411","林家村镇人民政府","1"
"1412","中山一路","1"
"1413","隧道口(公交站)","1"
"1414","都市广场(都司街)","1"
"1415","环湖佳苑东升小区","1"
"1416","云林东路","1"
"1417","万福路","1"
"1418","九都西路珠江路口西(公交站)","1"
"1419","长安中路与阜民街交叉口","1"
"1420","达州客运南站","1"
"1421","护国市场监管所","1"
"1422","团结南路","1"
"1423","石龙镇人民政府","1"
"1424","王楼村村委会","1"
"1425","高新四路光谷二路(公交站)","1"
"1426","凤凰山","1"
"1427","司马山","1"
"1428","新疆罗布人村寨景区","1"
"1429","飞沙村委会","1"
"1430","延吉北收费站(G12珲乌高速入口)","1"
"1431","长江二桥","1"
"1432","人民中路","1"
"1433","磨心山","1"
"1434","济宁高新区创业园","1"
"1435","中海公园","1"
"1436","万秀菜市","1"
"1437","云丰村站(公交站)","1"
"1438","大学城(地铁站)","1"
"1439","武隆喀斯特旅游区-羊角古镇","1"
"1440","恰西草原风景旅游区","1"
"1441","仁寿村民委员会","1"
"1442","华山绿地","1"
"1443","宏博·澎湖湾-望龙门","1"
"1444","黔诚酸汤牛肉(甲秀楼2.0店)","1"
"1445","大东(大王里店)","1"
"1446","嘉陵江","1"
"1447","五龙口街","1"
"1448","苏州中惠铂尔曼酒店","1"
"1449","长安广场","1"
"1450","阳光小学","1"
"1451","河南省鹤壁市山城区前进路南头旺杰钢材销售部","1"
"1452","正阳南路","1"
"1453","牟山大道","1"
"1454","朝阳街","1"
"1455","馨苑10区","1"
"1456","黎阳路","1"
"1457","小淖尔出口(G6京藏高速东向)","1"
"1458","G1京哈高速入口(锦州方向)","1"
"1459","世纪广场轻轨站(公交站)","1"
"1460","爱民街","1"
"1461","南小爱民街","1"
"1462","北四环","1"
"1463","象山北路","1"
"1464","丰庆路与博颂路交叉口","1"
"1465","山河路","1"
"1466","姜谭路","1"
"1467","荆中路","1"
"1468","唐古拉山镇政府","1"
"1469","胡同现烤糕点(新华书店住宅楼店)","1"
"1470","三里河街道办事处","1"
"1471","中国科学院大学雁栖湖校区","1"
"1472","浉河公园","1"
"1473","武汉欢乐谷","1"
"1474","东环服务区","1"
"1475","野芷湖大桥","1"
"1476","榆树弓棚镇收费站(G1015铁科高速出口)","1"
"1477","坛子口(地铁站)","1"
"1478","S28台金高速","1"
"1479","G2501南京绕城高速与G40沪陕高速交叉口","1"
"1480","兴隆街(公交站)","1"
"1481","G18荣乌高速","1"
"1482","南四环西路","1"
"1483","观湖别院","1"
"1484","汉西一村","1"
"1485","龙门涧风景区","1"
"1486","龙洞风景区","1"
"1487","凤凰沟","1"
"1488","小安子(公交站)","1"
"1489","农科路","1"
"1490","大塘边路","1"
"1491","北焦坡村村委会","1"
"1492","郑州十八里河收费站(京广快速路出口)","1"
"1493","梨树东出口(G1京哈高速东北向)","1"
"1494","墨水湖大桥","1"
"1495","少先路与民族东路交叉口","1"
"1496","魏武广场","1"
"1497","新乡市场","1"
"1498","美年大健康(郑州四分院)","1"
"1499","观音垱(公交站)","1"
"1500","兴隆路与火炬二路交叉口","1"
"1501","回河南街社区管理委员会","1"
"1502","新安镇人民政府","1"
"1503","省武警总队(公交站)","1"
"1504","长青收费站(四环线出口)","1"
"1505","汉中","1"
"1506","东吴大道四明路(公交站)","1"
"1507","南部战区总医院(越秀院区)","1"
"1508","秦淮区中医医院","1"
"1509","古道休闲吧","1"
"1510","上下店路","1"
"1511","玉湛高速","1"
"1512","寿宁收费站(G4012溧宁高速入口)","1"
"1513","G36宁洛高速","1"
"1514","松原西收费站(G12珲乌高速入口)","1"
"1515","长沙银行(怀化分行)","1"
"1516","大同收费站(G55二广高速出口)","1"
"1517","赛格隧道","1"
"1518","铜陵路街道办事处","1"
"1519","银座旅游文化东路恒大帝景店","1"
"1520","秦皇岛西收费站(G0111秦滨高速出口)","1"
"1521","G10绥满高速","1"
"1522","铜鼓隧道","1"
"1523","商登高速桥","1"
"1524","陕坝停车区(建设中)","1"
"1525","中村电器","1"
"1526","G70福银高速","1"
"1527","双辽南收费站(G25长深高速出口)","1"
"1528","G0121京秦高速","1"
"1529","沂源东收费站(G22青兰高速出口)","1"
"1530","干杉收费站(S42江干高速出口)","1"
"1531","鉴湖服务区","1"
"1532","东高村4区","1"
"1533","S31宜连高速","1"
"1534","清镇收费站(G60沪昆高速出口)","1"
"1535","S1成万高速","1"
"1536","日月山水","1"
"1537","张家界收费站(G5513长张高速出口)","1"
"1538","敦化收费站(G12珲乌高速出口)","1"
"1539","沛县安国中学","1"
"1540","昌栗高速","1"
"1541","S20毕威高速","1"
"1542","S11牡延高速","1"
"1543","浏阳西收费站(S19浏洪高速出口)","1"
"1544","S15铜大高速","1"
"1545","晋江南收费站(S58晋长高速入口)","1"
"1546","东山陈村办公楼","1"
"1547","城中村委会","1"
"1548","桐子李村","1"
"1549","天井关隧道","1"
"1550","芮城服务区与G59呼北高速交叉口","1"
"1551","新塘收费站(G4京港澳高速出口)","1"
"1552","S23惠大高速","1"
"1553","古城滩收费站(G6521榆蓝高速出口)","1"
"1554","济南郭店立交","1"
"1555","坡心互通","1"
"1556","中山坑","1"
"1557","东二环(地铁站)","1"
"1558","文陂收费站(S61吉安绕城高速入口)","1"
"1559","青菱湖","1"
"1560","梁文海汽车维修部","1"
"1561","河北慧耕生态农场","1"
"1562","G20青银高速","1"
"1563","威海收费站(G18荣乌高速西南向)","1"
"1564","S11京承高速入口(京承高速方向)","1"
"1565","仁和收费站(S32西绵高速出口)","1"
"1566","田里隧道群2号","1"
"1567","延吉西收费站(S12延龙高速入口)","1"
"1568","G60沪昆高速入口(娄底方向)","1"
"1569","S88郑栾高速","1"
"1570","兰海(公交站)","1"
"1571","清远西收费站(G0421许广高速出口)","1"
"1572","吉林省延边朝鲜族自治州人民检察院","1"
"1573","北门市场(北环城路)","1"
"1574","G4京港澳高速入口(郑州方向)","1"
"1575","商丘奥林水泥(南丰直销处)","1"
"1576","南陵家发服务区餐厅","1"
"1577","G45大广高速与G45大广高速入口交叉口","1"
"1578","G1015铁科高速","1"
"1579","漳平南收费站(S30永漳高速出口)","1"
"1580","淹城服务区","1"
"1581","达川区百节镇工会","1"
"1582","沅江南收费站(S71华常高速入口)","1"
"1583","枣乡街与民生路交叉口","1"
"1584","金利燃气","1"
"1585","毕克齐镇人民政府","1"
"1586","云县西收费站(G5615天猴高速出口云县方向)","1"
"1587","山东高速大厦","1"
"1588","棉洋服务区","1"
"1589","合安高速改扩建项目办","1"
"1590","东阳收费站(G1512甬金高速入口)","1"
"1591","贵阳西收费站(G60沪昆高速出口)","1"
"1592","G9812海琼高速","1"
"1593","大广高速魏县连接线与G45大广高速入口交叉口","1"
"1594","S80衡邵高速","1"
"1595","乳山东立交","1"
"1596","油子塘大桥","1"
"1597","蜀源大道","1"
"1598","龙城隧道","1"
"1599","红旗村村委会","1"
"1600","屯里大桥","1"
"1601","北五女(公交站)","1"
"1602","内环路","1"
"1603","G7京新高速入口(哈密方向)","1"
"1604","芜宣枢纽与G50沪渝高速交叉口","1"
"1605","104国道","1"
"1606","S55宁宣高速","1"
"1607","博山互通立交","1"
"1608","王河服务区（沪渝高速上海方向）","1"
"1609","绕城高速(公交站)","1"
"1610","无棣收费站(G18荣乌高速入口)","1"
"1611","G1京哈高速","1"
"1612","双墩收费站(G40沪陕高速出口)","1"
"1613","G45大广高速","1"
"1614","黄石街","1"
"1615","永乐花海","1"
"1616","宣威复兴收费站(S11威砚高速出口西南向)","1"
"1617","茨营收费站(S11威砚高速出口)","1"
"1618","罗平北收费站(G78汕昆高速出口)","1"
"1619","S12滁新高速","1"
"1620","巢黄高速与巢黄高速入口交叉口","1"
"1621","玉溪村民委员会","1"
"1622","珠海大道","1"
"1623","巢黄高速","1"
"1624","清家沟服务区","1"
"1625","梧州南高速路口(公交站)","1"
"1626","二台子乔四诊所","1"
"1627","利川收费站(G50沪渝高速出口)","1"
"1628","绍兴收费站(G92杭州湾环线高速出口)","1"
"1629","滨州东收费站(G2516东吕高速出口)","1"
"1630","G11鹤大高速","1"
"1631","分水岭隧道","1"
"1632","安岳服务区驿路香自选式快餐","1"
"1633","朝阳镇人民政府","1"
"1634","晴隆服务区","1"
"1635","成环路与S2成巴高速入口交叉口","1"
"1636","S75太行山高速","1"
"1637","宁合高速","1"
"1638","明朗收费站(G5601昆明绕城高速出口)","1"
"1639","盛乐镇(公喇嘛)(公交站)","1"
"1640","互通区主线2号桥","1"
"1641","东平收费站(G35济广高速入口)","1"
"1642","慈城出口(G15沈海高速北向)","1"
"1643","安吉北收费站(S14杭长宜高速出口)","1"
"1644","史回收费站(青兰线东向)","1"
"1645","南宁安吉客运站","1"
"1646","滁淮高速","1"
"1647","G18荣乌高速入口(文登方向)","1"
"1648","务川收费站(S10德习高速入口正务高速方向)","1"
"1649","南漳服务区","1"
"1650","跨胶州湾高速大桥","1"
"1651","西柏坡高速","1"
"1652","丽水北收费站(G25长深高速出口)","1"
"1653","宁杭高速","1"
"1654","秦安互通立交","1"
"1655","云台山","1"
"1656","铁机路(地铁站)","1"
"1657","遂昌县人民法院共享法庭(定溪村)","1"
"1658","长沙县黄花镇人民政府","1"
"1659","军运村","1"
"1660","郭店庚辰钢铁宿舍","1"
"1661","五峰山","1"
"1662","水西关南街","1"
"1663","万达广场(湘潭高新店)","1"
"1664","广东梧桐山风景名胜区","1"
"1665","阳光城","1"
"1666","古路","1"
"1667","衢州市衢江区湖南镇破石村民委员会","1"
"1668","辅城坳小学","1"
"1669","九洲大街与抚生南路交叉口","1"
"1670","广阳道与新华路交叉口","1"
"1671","住建局","1"
"1672","邢庄桥","1"
"1673","荆川公园","1"
"1674","晶华路","1"
"1675","路桥小区(中兴路)","1"
"1676","清凉峰国家级自然保护区(不对外开放)(暂停开放)","1"
"1677","吴江太湖新城","1"
"1678","竹山县竹坪乡人民政府","1"
"1679","迎宾路","1"
"1680","中山中路","1"
"1681","宝湖国家湿地公园","1"
"1682","红光大道","1"
"1683","泰山大道","1"
"1684","天宇路","1"
"1685","四公里(地铁站)","1"
"1686","张集村综治中心","1"
"1687","亨特国际广场","1"
"1688","夏集子(公交站)","1"
"1689","资兴市唐洞街道办事处","1"
"1690","中柳林警务站","1"
"1691","桥边镇人民政府","1"
"1692","大清路","1"
"1693","沣泾大道","1"
"1694","金虎便利(101电车总站店)","1"
"1695","马良镇人民政府","1"
"1696","三合城村委会","1"
"1697","下林村村委会","1"
"1698","湾甸派出所","1"
"1699","威海里口山风景名胜区","1"
"1700","新团路","1"
"1701","奥体中路与轻风路交叉口","1"
"1702","中山北路","1"
"1703","体育中心","1"
"1704","安德街道办事处","1"
"1705","成都市郫都区德源街道禹庙村村民委员会","1"
"1706","增田村(公交站)","1"
"1707","大连森林动物园","1"
"1708","南京北站(地铁站)","1"
"1709","赵庄村","1"
"1710","梅州站","1"
"1711","纳古派出所","1"
"1712","太白路","1"
"1713","宣城市泾县榔桥宾馆","1"
"1714","终南山悟真风景区","1"
"1715","弋矶山","1"
"1716","科研巷","1"
"1717","牙梳山","1"
"1718","洪广镇人民政府","1"
"1719","贺家坪村委会","1"
"1720","白马镇人民政府","1"
"1721","胜利油田胶管大全","1"
"1722","城隍庙小吃","1"
"1723","针织布匹","1"
"1724","苏山村村民委员会","1"
"1725","五峰派出所","1"
"1726","景山住宅小区","1"
"1727","齐星花园","1"
"1728","老君庙水库","1"
"1729","夏集镇人民政府","1"
"1730","长安欧尚汽车(广德欧宇)","1"
"1731","兴泰路","1"
"1732","知音桥","1"
"1733","司马光东路","1"
"1734","王母观","1"
"1735","麟潭乡人民政府","1"
"1736","漳州台商投资区","1"
"1737","桂林古镇江璟酒店(漓江景区大圩古镇店)地面停车点(出入口)","1"
"1738","虎丘山风景区","1"
"1739","古玩(夫子庙步行街店)","1"
"1740","海南路","1"
"1741","大庆路","1"
"1742","孔府孔庙停车场(出入口)","1"
"1743","海棠溪(地铁站)","1"
"1744","珠江路(地铁站)","1"
"1745","志新酷车","1"
"1746","新大街","1"
"1747","小龙坎(地铁站)","1"
"1748","紫荆山(地铁站)","1"
"1749","牛头山国家森林公园","1"
"1750","长白镇人民政府","1"
"1751","望江路","1"
"1752","红石咀公园","1"
"1753","归化村村委会","1"
"1754","长安(南宫恒骏店)","1"
"1755","七星派出所","1"
"1756","四川北路(地铁站)","1"
"1757","金桥村谭新明卫生室","1"
"1758","西坞岗","1"
"1759","九龙镇人民政府","1"
"1760","缤纷江南","1"
"1761","内蒙古自治区人民医院","1"
"1762","中国工商银行(南阳仲景路支行)","1"
"1763","康金街道兰阳村退役军人服务站","1"
"1764","桂林银行(白圩镇石塘村农村普惠金融综合服务点)","1"
"1765","龙门邨","1"
"1766","劲松北路","1"
"1767","光南路与环城东路交叉口","1"
"1768","箭扣长城","1"
"1769","小东流(公交站)","1"
"1770","朱穴村村民委员会","1"
"1771","大鹏西路","1"
"1772","大连老街","1"
"1773","罕井镇人民政府","1"
"1774","商丘古城","1"
"1775","上海市徐汇中学","1"
"1776","慕士塔格峰","1"
"1777","江边村东社(公交站)","1"
"1778","飞天路","1"
"1779","仙寓山风景区","1"
"1780","北京市丰台区太平桥东里幼儿园","1"
"1781","洽水镇中心小学旺洞教学点","1"
"1782","古城镇人民政府","1"
"1783","烈山","1"
"1784","沿河村村民委员会","1"
"1785","皮塘水库","1"
"1786","大众煤业","1"
"1787","南宁街","1"
"1788","延安机务段","1"
"1789","关庙村公益电影放映点","1"
"1790","杭州天目山医院","1"
"1791","长风路","1"
"1792","羊里派出所","1"
"1793","如家酒店(海安中坝南路店)","1"
"1794","舟山路","1"
"1795","毛陈镇(公交站)","1"
"1796","后马村村民委员会","1"
"1797","路景苑","1"
"1798","龙山","1"
"1799","正太商贸有限公司","1"
"1800","头道街与文峰北街交叉口","1"
"1801","正泰电气股份有限公司","1"
"1802","启东经济开发区","1"
"1803","余杭街道社区卫生服务中心","1"
"1804","南通(南京国际博览中心)","1"
"1805","杨安镇人民政府","1"
"1806","国庆路(公交站)","1"
"1807","交通路","1"
"1808","丰乐街道(公交站)","1"
"1809","三山·时代广场","1"
"1810","曲阜东站(西出站口)","1"
"1811","紫蓬镇人民政府","1"
"1812","淮海大道","1"
"1813","四水厂(公交站)","1"
"1814","白溢坪村村民委员会","1"
"1815","赵沟","1"
"1816","黄江广场","1"
"1817","工业路","1"
"1818","新店镇政府","1"
"1819","乐豆家(南昌世贸店)","1"
"1820","铜陵中学","1"
"1821","马桥镇人民政府","1"
"1822","珠海街道办事处社会治理指挥中心","1"
"1823","新寺社区卫生服务中心","1"
"1824","海口市龙华小学","1"
"1825","布达拉宫","1"
"1826","螺山路","1"
"1827","仁皇山景区","1"
"1828","茗岙梯田","1"
"1829","火炉山森林公园","1"
"1830","山西平陆中学","1"
"1831","清溪湖","1"
"1832","西佛寺","1"
"1833","永前路四区","1"
"1834","淳化","1"
"1835","金胜山健康主题公园","1"
"1836","平顶山","1"
"1837","手工烘焙","1"
"1838","维也纳国际酒店(西樵山景区店)","1"
"1839","定光社区","1"
"1840","山前洼村卫生室","1"
"1841","瑞香村村民委员会","1"
"1842","马鞍山惠农金融服务室","1"
"1843","汤河","1"
"1844","喜马拉雅瑜伽","1"
"1845","开茂村村民委员会","1"
"1846","株洲市冬季游泳运动协会","1"
"1847","宫夏路","1"
"1848","天雷赛鸽","1"
"1849","国家海岸·保利财富中心","1"
"1850","二坝镇人民政府","1"
"1851","佛山街","1"
"1852","紫晨商务酒店","1"
"1853","黄台电厂第五宿舍区","1"
"1854","中信东方广场","1"
"1855","安良百货","1"
"1856","三里(公交站)","1"
"1857","赛格电子市场(龙岗路)","1"
"1858","星巴克(上海新联地带店)","1"
"1859","大港路","1"
"1860","广州市番禺区人民政府","1"
"1861","拉萨圣地天堂洲际大饭店","1"
"1862","湖泗老街","1"
"1863","江津大悦城","1"
"1864","七一村卫生站","1"
"1865","大悦城skg(韶音专卖店)","1"
"1866","龙湖重庆北城天街","1"
"1867","西岸艺术中心","1"
"1868","武商MALL","1"
"1869","达人公社(达意商业城店)","1"
"1870","人人乐超市(汉神购物广场店)","1"
"1871","上海高岛屋百货","1"
"1872","伊势丹百货(现代城店)","1"
"1873","人人乐(凤城五路店)","1"
"1874","苏州中心商场南区","1"
"1875","红博中央公园","1"
"1876","葵涌广场","1"
"1877","公园村卫生所","1"
"1878","上海市浦东新区金桥镇人民政府","1"
"1879","地王大厦","1"
"1880","金虹桥商业广场","1"
"1881","工人文化宫","1"
"1882","国贸商城(西区)","1"
"1883","洪家楼","1"
"1884","时光里美食广场","1"
"1885","成都九龙广场","1"
"1886","六指烧烤","1"
"1887","陆家嘴中心","1"
"1888","西红门","1"
"1889","太平街","1"
"1890","大中海步行街","1"
"1891","大罗山-瑶溪","1"
"1892","亨通广场","1"
"1893","东润·万象城","1"
"1894","大润发(随州店)","1"
"1895","乐民商厦","1"
"1896","未来石","1"
"1897","延安路与解放路交叉口","1"
"1898","西亚生活广场(蓼北路)","1"
"1899","金钟村村民委员会","1"
"1900","青岛凯德MALL","1"
"1901","景枫中心","1"
"1902","HappyMart(南京城北万象汇店)(装修中)","1"
"1903","前滩太古里","1"
"1904","洁美万家","1"
"1905","崇文门(地铁站)","1"
"1906","居然之家(金牛店)","1"
"1907","南京奥林匹克体育中心","1"
"1908","卓悦中心东区","1"
"1909","金源时代购物中心(北滨一路)","1"
"1910","中华广场","1"
"1911","肯德基(正道中环百货店)","1"
"1912","江山酒家(万达广场店)","1"
"1913","梅溪湖公园","1"
"1914","卓悦中心北区","1"
"1915","招商·花园城","1"
"1916","新田360广场(郑州国贸店)","1"
"1917","成都高新区政务服务中心","1"
"1918","万象汇小屋(春景上路分店)","1"
"1919","成都铁路工程学校","1"
"1920","海悦天地","1"
"1921","天汉大道","1"
"1922","硚口路","1"
"1923","崇文门","1"
"1924","林奥CITY PARK","1"
"1925","陵园路与黎明街交叉口","1"
"1926","甲鱼面馆(天龙步行街南街店)","1"
"1927","杨府山公园","1"
"1928","Livat荟聚","1"
"1929","武汉百货","1"
"1930","金沙(公交站)","1"
"1931","佛山保利MALL","1"
"1932","明湖西路","1"
"1933","荔湾广场","1"
"1934","杭州大厦","1"
"1935","深圳购物公园","1"
"1936","华润·铁西万象汇购物中心","1"
"1937","美国银行中心","1"
"1938","唐山高新区管委会","1"
"1939","兴业太古汇","1"
"1940","融汇城","1"
"1941","五一路","1"
"1942","鸿荣源·壹成中心","1"
"1943","海底捞火锅(乐客城店)","1"
"1944","天环Parc Central","1"
"1945","金中环大厦","1"
"1946","SM天津滨海城市广场","1"
"1947","凯德MALL(西直门店)","1"
"1948","市府恒隆广场","1"
"1949","堤西路","1"
"1950","天虹商场(奥克斯广场店)","1"
"1951","杭州华联(龙湖·名景台南苑店)","1"
"1952","华为授权体验店(银海元隆店)","1"
"1953","成都银泰中心","1"
"1954","东山百货大楼","1"
"1955","东方之门","1"
"1956","相思湖购物公园","1"
"1957","朝阳商业广场","1"
"1958","星巴克咖啡(西安大兴龙湖星悦荟店)","1"
"1959","西二旗","1"
"1960","福建兴闽榕建筑工程有限公司","1"
"1961","宜家家具城","1"
"1962","金茂广场","1"
"1963","西郊商场(滨河路)(公交站)","1"
"1964","杭州西溪印象城","1"
"1965","第三完全小学","1"
"1966","养馋记(文昌路菜场店)","1"
"1967","泰盛广场","1"
"1968","山东第一医科大学第二附属医院停车场(出入口)","1"
"1969","徐州苏宁广场","1"
"1970","美立方","1"
"1971","海山公园","1"
"1972","天河城","1"
"1973","运通家园","1"
"1974","首创奥特莱斯","1"
"1975","银泰百货(中大店)","1"
"1976","中化石油胡家庙加油站","1"
"1977","青岛·卓悦里","1"
"1978","开濠花园路","1"
"1979","万达广场商管部","1"
"1980","甲子路","1"
"1981","百丽宫影城(济南恒隆广场店)","1"
"1982","东风商场","1"
"1983","邯山商场(公交站)","1"
"1984","万达广场(成都郫都店)","1"
"1985","日月光","1"
"1986","地下停车场","1"
"1987","大炮台","1"
"1988","航洋国际购物中心","1"
"1989","扶光书店","1"
"1990","虹桥天地购物中心","1"
"1991","光长村党群服务中心","1"
"1992","江汉路","1"
"1993","武侯皮革城(鞋都南路)","1"
"1994","芝罘金街(万达广场店)","1"
"1995","浙江大学医学院附属第二医院(解放路院区)","1"
"1996","华南社区","1"
"1997","兴业中心","1"
"1998","沈阳(大南店)","1"
"1999","世纪汇购物中心","1"
"2000","红安名品广场(物资商业步行街店)","1"
"2001","RMALL生活广场(京华城2期店)","1"
"2002","星巴克咖啡(杭州鸿锦大厦店)","1"
"2003","绿博园","1"
"2004","ECCO郑州丹尼斯大卫城店","1"
"2005","东阳市人民医院","1"
"2006","印象城","1"
"2007","龙湖杭州滨江天街","1"
"2008","王府井百货(太原店)","1"
"2009","新世界(万商白马服装交易中心市场店)","1"
"2010","民盈·国贸城","1"
"2011","钱沟路","1"
"2012","白云汇广场","1"
"2013","和义大道购物中心","1"
"2014","太古仓码头","1"
"2015","齐河德百(公交站)","1"
"2016","女人花(万佳服装批发广场店)","1"
"2017","华丰国际商贸城","1"
"2018","领展购物广场·中关村","1"
"2019","新世纪环球购物中心","1"
"2020","天虹(前海店)","1"
"2021","重庆汽博中心","1"
"2022","银泰西选(中大店)","1"
"2023","好润佳(沅江店)","1"
"2024","绿洲湖畔花园","1"
"2025","体育西馆","1"
"2026","星游城","1"
"2027","百联南方购物中心","1"
"2028","大连中央大道吾悦广场","1"
"2029","广州文和友(太古汇店)","1"
"2030","芳草地别墅区","1"
"2031","雨花客厅里的幸运草公寓(花露北岗分店)","1"
"2032","澳门四季酒店","1"
"2033","北国商城站","1"
"2034","世博源","1"
"2035","台北市政府民政局","1"
"2036","天津陆家嘴广场","1"
"2037","世界城光谷步行街","1"
"2038","星巴克咖啡(青岛悦荟广场店)","1"
"2039","中央花园","1"
"2040","惠铖超市丨路北店","1"
"2041","双拥路","1"
"2042","新濠天地车(壹号湖畔店)","1"
"2043","六和源(上海大花园店)","1"
"2044","德思勤城市广场","1"
"2045","青岛海信广场","1"
"2046","义乌站","1"
"2047","万达商业广场(印象城店)","1"
"2048","花城汇","1"
"2049","西单大悦城","1"
"2050","宜家家居(郑州商场)","1"
"2051","白玉兰广场","1"
"2052","这有山","1"
"2053","江北步行街","1"
"2054","深业上城商场","1"
"2055","中海·环宇城","1"
"2056","深圳卓悦中心","1"
"2057","万象国际","1"
"2058","庆华苑","1"
"2059","南京新百","1"
"2060","成龙影城(绿地店)","1"
"2061","贰捌商场","1"
"2062","协信星光时代广场","1"
"2063","西门町电影公园","1"
"2064","郯中商场","1"
"2065","赛格国际购物中心","1"
"2066","21世纪国际公寓","1"
"2067","大壮国际广场","1"
"2068","新天地购物广场(宝安大道)","1"
"2069","保利时代","1"
"2070","澳门喜来登大酒店","1"
"2071","清河万象汇购物中心-LOUNGE","1"
"2072","cdf三亚国际免税城A区","1"
"2073","万达广场(江门蓬江店)","1"
"2074","惠安达物流","1"
"2075","诚品书店(诚品生活)","1"
"2076","南岸区南坪(商圈)","1"
"2077","大润发","1"
"2078","王府井奥莱机场店","1"
"2079","紫荆山","1"
"2080","容山商场(环镇路)","1"
"2081","百盛A(3)座","1"
"2082","欧亚大观","1"
"2083","欧亚卖场","1"
"2084","泉州晋江SM国际广场","1"
"2085","延庆观","1"
"2086","神农公园","1"
"2087","立达国际商城(柳巷南路)","1"
"2088","南宁国际商业贸易中心C区","1"
"2089","金拱镇公墓","1"
"2090","颐堤港","1"
"2091","成都来福士广场","1"
"2092","凯德","1"
"2093","琼海(娅米美颜定妆馆)","1"
"2094","新玛特购物广场(鞍山总店)","1"
"2095","沈阳盛京大奥莱","1"
"2096","南阁村民委员会","1"
"2097","丁香路","1"
"2098","天津大悦城","1"
"2099","1788广场","1"
"2100","南通万象城","1"
"2101","南京师范大学(随园校区)","1"
"2102","砂之船(合肥)奥莱","1"
"2103","联手商城","1"
"2104","宾谷街","1"
"2105","世纪东方广场","1"
"2106","三里庵","1"
"2107","民盈·国贸中心","1"
"2108","龙湾国际一期","1"
"2109","丰泽东海街道","1"
"2110","合肥体育中心","1"
"2111","濉溪百货商场","1"
"2112","新淮村(公交站)","1"
"2113","南通濠河风景名胜区","1"
"2114","雀友麻将机专卖店(宝龙广场店)","1"
"2115","万达广场(菱角湖店)","1"
"2116","浑南区浑南新区","1"
"2117","大三巴牌坊","1"
"2118","硅谷亮城","1"
"2119","太原万象城","1"
"2120","旺泉街","1"
"2121","爱融荟城","1"
"2122","容桂派出所","1"
"2123","杭州大厦(公交站)","1"
"2124","北京侨福芳草地购物中心","1"
"2125","西乡(地铁站)","1"
"2126","金环路","1"
"2127","阜阳·临沂商城","1"
"2128","正荣·财富中心","1"
"2129","长丰路","1"
"2130","祥符路","1"
"2131","顺德陈村佛具批发商行","1"
"2132","衡百国际","1"
"2133","定城镇人民政府","1"
"2134","体育西路","1"
"2135","华润万家","1"
"2136","袁家巷","1"
"2137","团结公园","1"
"2138","新街口","1"
"2139","隆回县九龙学校","1"
"2140","中防万宝城(南门里店)","1"
"2141","西溪坪","1"
"2142","青岛北方国贸大厦","1"
"2143","太古里","1"
"2144","海尔路","1"
"2145","杭州市江干区中医医院","1"
"2146","魏公村(地铁站)","1"
"2147","上海交通大学闵行校区","1"
"2148","拱北口岸","1"
"2149","鼎盛广场","1"
"2150","鲁王路","1"
"2151","滏阳东路","1"
"2152","八佰伴(集贤南路)","1"
"2153","万里路","1"
"2154","大连恒隆广场","1"
"2155","邵阳九福老年公寓","1"
"2156","宁海县前童镇专职消防队","1"
"2157","齐齐哈尔百货大楼","1"
"2158","永安大桥","1"
"2159","222省道与341国道交叉口","1"
"2160","西岗市场(华西小区店)","1"
"2161","北京师范大学实验幼儿园","1"
"2162","圣水寺","1"
"2163","吉马购物桥口商场","1"
"2164","湘潭市雨湖区人民政府","1"
"2165","移动综合楼","1"
"2166","内沙路","1"
"2167","西宫(公交站)","1"
"2168","杭州路海岸路(公交站)","1"
"2169","宣化路与杭州路交叉口","1"
"2170","八寨沟旅游景区","1"
"2171","零点立交南(公交站)","1"
"2172","杨忠堡村村民委员会","1"
"2173","沙坪坝站","1"
"2174","世泽路与灈阳大道交叉口","1"
"2175","横竖街","1"
"2176","时代广场","1"
"2177","安医大二附院","1"
"2178","田岗村委会","1"
"2179","玉龙南路与龙城大道交叉口","1"
"2180","茶树村村民委员会","1"
"2181","武汉国际体育文化休闲园","1"
"2182","宿马园区","1"
"2183","龙山创鑫广场","1"
"2184","南门集贸市场","1"
"2185","涑河南路","1"
"2186","仁信·半岛城","1"
"2187","霞阳收费站(G1517莆炎高速出口)","1"
"2188","济阳蔬菜","1"
"2189","南门里(箭门市场店)","1"
"2190","雷州市客路镇人民政府","1"
"2191","黄浦社区(武汉大道)","1"
"2192","英华路","1"
"2193","新山村社区","1"
"2194","潇湘北路","1"
"2195","三鑫开化商贸城农贸市场(三鑫第一城店)","1"
"2196","艾潇汽配城","1"
"2197","老许屋里香","1"
"2198","赵楼小学","1"
"2199","桃贾路与陇海西路交叉口","1"
"2200","东新福居","1"
"2201","疏港大道","1"
"2202","遂宁站","1"
"2203","东社","1"
"2204","南阳理工学院","1"
"2205","东部美的城","1"
"2206","迎宾大道与迎宾路交叉口","1"
"2207","石巷村委会","1"
"2208","邵阳市炭黑厂家属区","1"
"2209","苏中路","1"
"2210","中山南路与凤翔东路交叉口","1"
"2211","盘锦北站","1"
"2212","潜山路与龙图路交叉口","1"
"2213","翠绿花园","1"
"2214","电中国电信股份有限公司东莞长安区分公司沙头营销中心","1"
"2215","嘉定路与宁化路交叉口","1"
"2216","闭村小学","1"
"2217","章光101(凤凰北街店)","1"
"2218","芦阳学校","1"
"2219","陵城区检察院(公交站)","1"
"2220","胡家村(公交站)","1"
"2221","兴港大道","1"
"2222","姞仙村村民委员会","1"
"2223","渤海路","1"
"2224","石下村(公交站)","1"
"2225","岗南村委会","1"
"2226","迎宾大道","1"
"2227","黄河三门峡商务中心区医院","1"
"2228","西五路","1"
"2229","体育大街","1"
"2230","绣球村委会","1"
"2231","时代鑫苑小区","1"
"2232","剑阁百货大楼","1"
"2233","基诺山基诺族乡人民政府","1"
"2234","凤城九路","1"
"2235","车海洋智能自助洗车千渭星城大十字路口站","1"
"2236","宋家镇人民政府","1"
"2237","大广生态园","1"
"2238","锦汇商业广场","1"
"2239","甪里村委会","1"
"2240","保龙龙庭苑","1"
"2241","新北工业园","1"
"2242","刘家堡广场站","1"
"2243","二七二厂(公交站)","1"
"2244","曲阜三孔景区-孔府","1"
"2245","成都后花园3期","1"
"2246","向阳湖风景区","1"
"2247","红旗楼(公交站)","1"
"2248","三华园","1"
"2249","马坊集煤球场","1"
"2250","长泰区","1"
"2251","和平北路","1"
"2252","花园小区","1"
"2253","民族广场户外劳动者服务站","1"
"2254","维也纳3好酒店(厦门机场厦鼓码头店)","1"
"2255","丁家坝大桥","1"
"2256","南阳大桥","1"
"2257","白马广场","1"
"2258","新城社区","1"
"2259","西环路·大梁路(公交站)","1"
"2260","甘南藏族自治州妇幼保健院","1"
"2261","鼓岭旅游度假区","1"
"2262","南二环桔园立交桥","1"
"2263","芙蓉桥","1"
"2264","丽景南街与长城东路交叉口","1"
"2265","海恒街","1"
"2266","莲岳路","1"
"2267","雷城街道办事处","1"
"2268","天水南路","1"
"2269","微山县夏镇街道办事处","1"
"2270","三鑫第一城开化商贸城","1"
"2271","潢川县城区新一中","1"
"2272","紫薇园","1"
"2273","六岭村委会","1"
"2274","九龙山大道","1"
"2275","上湖工业园","1"
"2276","街电(美宜佳康宁店)","1"
"2277","太和村张庄","1"
"2278","城西大道","1"
"2279","千峰南路","1"
"2280","富州南路","1"
"2281","纳古镇人民政府","1"
"2282","吉阳大道与迎宾互通交叉口","1"
"2283","庙小段村民委员会","1"
"2284","来宾市兴宾区水落小学","1"
"2285","厦深铁路惠州南站(公交站)","1"
"2286","洞庭大道与芙蓉路交叉口","1"
"2287","如环境保护局宿舍","1"
"2288","金利多广场","1"
"2289","中环国际","1"
"2290","万家水果商行","1"
"2291","特来电充电站(兖州火车站广场)","1"
"2292","中国体育彩票(六八村店)","1"
"2293","东湖公园","1"
"2294","明刺青","1"
"2295","百丈岭","1"
"2296","松岗(公交站)","1"
"2297","东云路与解放北路1巷交叉口","1"
"2298","顺峰山公园","1"
"2299","黄金江岸","1"
"2300","浙西天池","1"
"2301","圣城华府·紫郡(建设中)","1"
"2302","江山里小区(公交站)","1"
"2303","迎宾街","1"
"2304","北门村民委员会","1"
"2305","贵州师范大学宝山校区","1"
"2306","高校园区派出所","1"
"2307","东莞市体育中心体育馆","1"
"2308","恩阳古镇游客中心","1"
"2309","崧厦街道","1"
"2310","毛家岔大桥","1"
"2311","太平寺","1"
"2312","江苏省海门中学","1"
"2313","平原路与德隆街交叉口","1"
"2314","淮河大桥","1"
"2315","美阳街","1"
"2316","六坑村(公交站)","1"
"2317","挚地大道与铁塔路交叉口","1"
"2318","寇公西路","1"
"2319","劳动西路与清潭路交叉口","1"
"2320","坝头西路与高田王街交叉口","1"
"2321","水绘园","1"
"2322","广州市越秀儿童公园","1"
"2323","世茂·诺沙湾","1"
"2324","中国农业银行(北向店支行)","1"
"2325","终南大道","1"
"2326","胡屯村委会","1"
"2327","沙坪村村委会","1"
"2328","新世界","1"
"2329","蟠龙苑","1"
"2330","中亿·阳明山水","1"
"2331","人社社保服务窗口(隆阳区兰城街道汉营社区为民服务站)","1"
"2332","荆河中路","1"
"2333","杭州北创传动科技有限公司","1"
"2334","麻园路南二环路口(公交站)","1"
"2335","豫北图书大厦","1"
"2336","大祥路","1"
"2337","广安新天地","1"
"2338","特来电充电站(常德市武陵公交)","1"
"2339","安宁市县街中心卫生院","1"
"2340","襄城外国语学校","1"
"2341","龙庄村民委员会","1"
"2342","上坝中学","1"
"2343","良邑镇民政工作站","1"
"2344","山西省气象局","1"
"2345","怀化站","1"
"2346","二里河公园","1"
"2347","中国邮政储蓄银行(火车站支行)","1"
"2348","东风派出所","1"
"2349","汕头礐石大桥","1"
"2350","龙胜镇","1"
"2351","八一路鲁磨路(公交站)","1"
"2352","玉屏街道办事处","1"
"2353","广场南路","1"
"2354","桑园路","1"
"2355","园区路","1"
"2356","翔安隧道","1"
"2357","兴政街西口(公交站)","1"
"2358","雪枫超市(雪枫路)","1"
"2359","南环立交桥","1"
"2360","余姚北站","1"
"2361","致冠便利店","1"
"2362","西延路","1"
"2363","佳诚电脑手机城","1"
"2364","王楼村委会","1"
"2365","五一路与北大街交叉口","1"
"2366","221省道","1"
"2367","泉涌社区","1"
"2368","民主村村委会","1"
"2369","广德成食品","1"
"2370","北京市昌平区小汤山镇南官庄村村民委员会","1"
"2371","九宫大道与迎宾大道交叉口","1"
"2372","苏州工业园区","1"
"2373","金沙湾花园","1"
"2374","人民路","1"
"2375","长安路","1"
"2376","金涛庄","1"
"2377","如刚街头牛排(路桥一店)","1"
"2378","万家丽路高架","1"
"2379","雷州市中医医院","1"
"2380","南京路","1"
"2381","凤山南路","1"
"2382","昆明站(北京路)(公交站)","1"
"2383","中国国际能源加油站(龙海站)","1"
"2384","西杨家园","1"
"2385","遵义市汇川区市场监督管理局","1"
"2386","大洞水库","1"
"2387","世纪大道","1"
"2388","丹溪路与双龙南街交叉口","1"
"2389","学田村村委会","1"
"2390","书香路","1"
"2391","城北路","1"
"2392","西亚超市(公交站)","1"
"2393","建设街与魏征路交叉口","1"
"2394","超田小学","1"
"2395","国际商贸城","1"
"2396","福州南路与香港中路交叉口","1"
"2397","桐林超市","1"
"2398","河南柳江生态牧业股份有限公司","1"
"2399","常德大道与朝阳路交叉口","1"
"2400","中山街","1"
"2401","人民路与滨河路交叉口","1"
"2402","猎豹北路与飞腾路交叉口","1"
"2403","永州大道与进贤路交叉口","1"
"2404","铜花二巷","1"
"2405","南山大道","1"
"2406","武汉瑞华医院民兴中医门诊部","1"
"2407","凤凰村村委会","1"
"2408","安徽宣城宛陵湖省级湿地公园","1"
"2409","华山风景区","1"
"2410","三桥村五组","1"
"2411","板材大市场B区","1"
"2412","常德大道","1"
"2413","腾飞电器(昭君路)","1"
"2414","八一大道与孺子路交叉口","1"
"2415","东方市东方医院(老院区)","1"
"2416","长青街","1"
"2417","松花江路桥","1"
"2418","桐方线","1"
"2419","广惠社区居委会","1"
"2420","天河路与英才街交叉口","1"
"2421","黑峪顶","1"
"2422","福安广场","1"
"2423","鑫鑫米兰","1"
"2424","太子尖","1"
"2425","宽城区政府中心公园","1"
"2426","武汉天兴洲长江大桥","1"
"2427","嘉华购物广场(济南槐荫店)","1"
"2428","富水南路与曹状元街交叉口","1"
"2429","沈老头包子(东方·碧海云天店)","1"
"2430","青年路","1"
"2431","金凤路","1"
"2432","美乐城(中国邯郸环球中心店)","1"
"2433","真诚草莓采摘园","1"
"2434","稻田公园","1"
"2435","解放北路","1"
"2436","仁和路与敬梓路交叉口","1"
"2437","官渡广场","1"
"2438","益和国际城","1"
"2439","海湖新区","1"
"2440","物美超市(顾家江东店)","1"
"2441","亿家火锅店","1"
"2442","阿波罗商业广场","1"
"2443","大华二路","1"
"2444","火炬广场","1"
"2445","长沙理工大学西门(公交站)","1"
"2446","安德鲁森(银润店)","1"
"2447","福泽大厦","1"
"2448","尚品世家","1"
"2449","仙岳路","1"
"2450","乌兰察布市集宁区中蒙医院","1"
"2451","娄底一大桥(公交站)","1"
"2452","凯旋北路与建设路交叉口","1"
"2453","秦仁路","1"
"2454","经二路","1"
"2455","万博汇","1"
"2456","府东街","1"
"2457","市府北街","1"
"2458","团结街","1"
"2459","丹光路","1"
"2460","龙城北街(公交站)","1"
"2461","五一路与府东街交叉口","1"
"2462","万寿路与玉渊潭南路交叉口","1"
"2463","彰德路与迎春西街交叉口","1"
"2464","南京1912街区","1"
"2465","曹安公路与黄家花园路交叉口","1"
"2466","中国工商银行(山东省分行)","1"
"2467","文艺北路","1"
"2468","红门路","1"
"2469","白沙门公园游乐场售票处","1"
"2470","党杨路与刘长山路交叉口","1"
"2471","夏津德百商贸城","1"
"2472","俄之塘南五街","1"
"2473","中山","1"
"2474","南阳汽车站","1"
"2475","春熙路(地铁站)","1"
"2476","光明路","1"
"2477","西海立交桥","1"
"2478","旅客家宾馆","1"
"2479","伯雍街","1"
"2480","耀华商厦","1"
"2481","长沙市雨花区人民政府","1"
"2482","惠农区红果子镇综合治理中心","1"
"2483","开甲·尚仕名邸","1"
"2484","河阳寺","1"
"2485","上海市浦东新区潍坊新村街道社区保安队","1"
"2486","台州渝帆机电科技","1"
"2487","珠海市紫荆中学(凤凰路校区)","1"
"2488","新天地","1"
"2489","锦绣花园","1"
"2490","石灰坳小学","1"
"2491","义乌市第三中学","1"
"2492","星光国际商务酒店","1"
"2493","薛城区财政局","1"
"2494","斗西路口","1"
"2495","山水文苑","1"
"2496","东风小康皓升渡仁西线店","1"
"2497","七港九(育英中学店)","1"
"2498","广州路","1"
"2499","安达汽修","1"
"2500","余庆新余旅社","1"
"2501","青岛嘉逸豪庭精品酒店","1"
"2502","龙洞碥大桥","1"
"2503","雷州市英利镇人民政府","1"
"2504","西福路","1"
"2505","东源大润发一楼风裳美衣","1"
"2506","东华学校","1"
"2507","凤凰谷","1"
"2508","马家粮油商行","1"
"2509","凤凰路","1"
"2510","陕西金骏(渭南办事处)","1"
"2511","市委党校(公交站)","1"
"2512","环联路","1"
"2513","芙蓉兴盛","1"
"2514","立汤路辅路","1"
"2515","包河花园","1"
"2516","金寨路","1"
"2517","长安街","1"
"2518","天宝路","1"
"2519","常丰村村委会","1"
"2520","大庆路与女娲路交叉口","1"
"2521","奉城南街","1"
"2522","永逸家居店地面停车场","1"
"2523","中共邯郸市峰峰矿区滏阳东路街道东沟社区支部委员会","1"
"2524","松山区第四中学","1"
"2525","海信湖岛世家二期营销中心","1"
"2526","西湖","1"
"2527","港达商贸城","1"
"2528","金沙湾广场","1"
"2529","草洋石材市场","1"
"2530","仲景路信臣路口(公交站)","1"
"2531","白云坑市场(装修中)","1"
"2532","清化医院门诊","1"
"2533","巴楚步行街","1"
"2534","百惠家美时超市(丰储街店)","1"
"2535","嘉庚体育馆","1"
"2536","永丰水库","1"
"2537","阳泉市义井中学","1"
"2538","新人民医院(公交站)","1"
"2539","荣校东路福彩街(公交站)","1"
"2540","枋钟路","1"
"2541","汉川路与金水路交叉口","1"
"2542","梅河公园","1"
"2543","龙溪镇人民政府","1"
"2544","锦上花购物中心","1"
"2545","环城北路","1"
"2546","顺河路","1"
"2547","中国工商银行(东新支行)","1"
"2548","交通花园(新埠东路)","1"
"2549","龙华街","1"
"2550","冲之大街与涞阳路交叉口","1"
"2551","机场小区A区","1"
"2552","阳明山国家森林公园","1"
"2553","兴安名城C区","1"
"2554","开封市正大家属院","1"
"2555","龙城小区","1"
"2556","南东一路","1"
"2557","弦歌大道与曙光路交叉口","1"
"2558","丹阳桥","1"
"2559","山东省郯城县新村银杏产业开发区","1"
"2560","第三城丹槿园","1"
"2561","河门口村(公交站)","1"
"2562","龙家镇先锋村春风小院","1"
"2563","靳江路","1"
"2564","黄山区永丰乡人民政府","1"
"2565","汪屯桥(公交站)","1"
"2566","蔚蓝国际","1"
"2567","洛王社区居民服务中心","1"
"2568","皇家尚品地面停车场","1"
"2569","晋阳·峰璟","1"
"2570","东海大道·中粮大道(公交站)","1"
"2571","黄河路","1"
"2572","香泉环岛","1"
"2573","河南财经政法大学郑东校区","1"
"2574","山东临沂远行重汽修理厂(宝友物流店)","1"
"2575","壹海城","1"
"2576","临沂市公安局交通警察支队板泉中队","1"
"2577","沿滩新城","1"
"2578","珠海国家高新区","1"
"2579","政丰南路","1"
"2580","娄底市自然资源和规划局","1"
"2581","横沥村党群服务中心","1"
"2582","芜湖长江大桥","1"
"2583","高良出口(S8广佛肇高速西向)","1"
"2584","爱民超市","1"
"2585","阳光100艺术馆","1"
"2586","兴隆花园","1"
"2587","华商三优汽车充电站(东城区东四十条10116充电扬招站)","1"
"2588","万安路","1"
"2589","刘家园街","1"
"2590","盘龙山公园","1"
"2591","中国石化安顺城区干河1加油站","1"
"2592","平阳站","1"
"2593","马垅(公交站)","1"
"2594","铭城玻璃门窗","1"
"2595","黄石市花湖街道办","1"
"2596","郭屯(公交站)","1"
"2597","夏城中路与武南中路交叉口","1"
"2598","双园路","1"
"2599","中石化森美迎宾加油站","1"
"2600","长治医学院附属和平医院","1"
"2601","万宝蛋糕","1"
"2602","西沣路","1"
"2603","珠海路口(公交站)","1"
"2604","丙灵路","1"
"2605","呼家楼","1"
"2606","后李洼村公益电影放映点","1"
"2607","富康路","1"
"2608","枫树山悦东方小学","1"
"2609","凤艳村委会","1"
"2610","康华园","1"
"2611","江苏省泰州市政协","1"
"2612","S3601京雄高速","1"
"2613","铜陵路高架桥","1"
"2614","广西信祺蛇业虎纹蛙养殖基地","1"
"2615","北山路","1"
"2616","小马服装批发城","1"
"2617","广东源铭废旧物资回收有限公司","1"
"2618","北水屯村公益电影放映点","1"
"2619","三加村(公交站)","1"
"2620","S40广洪高速","1"
"2621","北京路与孝河路交叉口","1"
"2622","朱仙庄镇人民政府","1"
"2623","北京路客民宿BI9830","1"
"2624","轴村(公交站)","1"
"2625","大强路与龙川路交叉口","1"
"2626","大鹿港","1"
"2627","长岭镇人民政府","1"
"2628","双龙水泥标砖厂","1"
"2629","中山市黄圃镇兆丰村民委员会","1"
"2630","苏州市姑苏区人民法院","1"
"2631","芒部镇人民政府","1"
"2632","中京路与曙光路交叉口","1"
"2633","义乌街","1"
"2634","汇泉路","1"
"2635","桐木岭收费站(S01贵阳南环高速入口)","1"
"2636","山嘴子村委会","1"
"2637","敏州西路","1"
"2638","洛阳汽车站","1"
"2639","汇康堂药店","1"
"2640","五星街","1"
"2641","文峰大道","1"
"2642","交通大街","1"
"2643","二龙村村民委员会","1"
"2644","金明广场","1"
"2645","凯旋大道与建设路交叉口","1"
"2646","罗坊镇人民政府","1"
"2647","清风视觉形象设计","1"
"2648","雪峰南路","1"
"2649","平冈村球场","1"
"2650","中南社区警务室","1"
"2651","正阳路与米山路交叉口","1"
"2652","世代龙泽湾","1"
"2653","文车村(公交站)","1"
"2654","金星路","1"
"2655","鞍山五路","1"
"2656","细河公安分局","1"
"2657","九峰山","1"
"2658","天骄幼儿园","1"
"2659","綦江古剑山景区","1"
"2660","北郊市场(天沙四路)","1"
"2661","都司路","1"
"2662","广安万和(工厂旗舰店)","1"
"2663","兴贤路","1"
"2664","重庆白市驿森林公园","1"
"2665","老虎涧(不对外开放)","1"
"2666","塔峙圃票证博物馆","1"
"2667","济宁市任城区人民医院","1"
"2668","太行大峡谷风景区","1"
"2669","摄乐桥","1"
"2670","安昌村民委员会","1"
"2671","黄河公园","1"
"2672","小井峪街道三益社区","1"
"2673","粮道街","1"
"2674","天桥村民宿聚居点","1"
"2675","唐冶中路与文苑街交叉口","1"
"2676","益丰大药房(湘潭岚园路)","1"
"2677","西街","1"
"2678","宝山路","1"
"2679","历城区政府(公交站)","1"
"2680","曙光路","1"
"2681","幸福社区居委会(中原路)","1"
"2682","武汉大道","1"
"2683","崂山区世纪广场","1"
"2684","马市街小学","1"
"2685","河堤路","1"
"2686","原山大道","1"
"2687","老崔葡萄采摘园","1"
"2688","寨桂村退役军人服务站","1"
"2689","夹沟镇人民政府","1"
"2690","雷打石镇人民政府","1"
"2691","阳光城·紫金城","1"
"2692","李哥庄镇政府","1"
"2693","史家巷","1"
"2694","星程石家庄中山东路乐汇城店","1"
"2695","刘营(公交站)","1"
"2696","鹿寨公园(公交站)","1"
"2697","南村加油站","1"
"2698","马良街社区服务中心","1"
"2699","五峰路","1"
"2700","肖家巷","1"
"2701","大寒尖山庄","1"
"2702","胡草科村公益电影放映点","1"
"2703","大港","1"
"2704","廉江市城南汽车客运站","1"
"2705","万家福门业","1"
"2706","康复前街与铁英街交叉口","1"
"2707","济南站(公交站)","1"
"2708","蒲吕大桥","1"
"2709","天目山农庄(罗泾)","1"
"2710","榉林山早市","1"
"2711","清水湾花园","1"
"2712","格林豪泰(太仓浏河镇店)","1"
"2713","石化","1"
"2714","美里湖湿地公园","1"
"2715","易足道足疗推拿店","1"
"2716","陆良电力生活小区","1"
"2717","龙岗收费站(G56杭瑞高速出口)","1"
"2718","奥体中路与工业南路交叉口","1"
"2719","鸭绿江","1"
"2720","牡丹村三浜2019","1"
"2721","白马社区","1"
"2722","G1813威青高速","1"
"2723","长安汽车售后服务咨询点","1"
"2724","开源大道与骏马路交叉口","1"
"2725","河滨北路","1"
"2726","兴华路永平路(公交站)","1"
"2727","哈尔滨站","1"
"2728","滨河巷与滨河西路交叉口","1"
"2729","陈留店村民委员会","1"
"2730","徐浦大桥","1"
"2731","毛家棚村村委会","1"
"2732","百大周谷堆大兴农产品批发市场","1"
"2733","文化路口(公交站)","1"
"2734","宁夏路","1"
"2735","景秀家园(陆小线)","1"
"2736","西安祥峪森林公园","1"
"2737","红寺北街","1"
"2738","花园里梅兰菊社区菊园","1"
"2739","金龙街道办事处","1"
"2740","北京奥林匹克公园","1"
"2741","路桥区人民政府峰江街道办事处","1"
"2742","新保利香颂营销中心","1"
"2743","济齐路","1"
"2744","和平路","1"
"2745","万科新里程明·别墅","1"
"2746","涧沟村委会","1"
"2747","中国石化周楼加油站","1"
"2748","万家汽车维修店","1"
"2749","元宝山","1"
"2750","任庄旅游风景区","1"
"2751","风田水库","1"
"2752","关庙桥","1"
"2753","卧龙山公园","1"
"2754","画溪花园","1"
"2755","喇叭口(公交站)","1"
"2756","和谐医院","1"
"2757","北京建筑大学(西城校区)","1"
"2758","蓬安县相如广场","1"
"2759","重庆市武隆区黄莺乡人民政府","1"
"2760","罗源世纪金源购物中心","1"
"2761","张家港市西张建筑工程有限公司驻苏州办事处","1"
"2762","虎山公园","1"
"2763","马占山","1"
"2764","淀山湖","1"
"2765","陈桁村(公交站)","1"
"2766","谢洼(公交站)","1"
"2767","承平村村委会","1"
"2768","绿园路与花园路交叉口","1"
"2769","中国石化三山加油站","1"
"2770","殷庄渡口","1"
"2771","南门广场","1"
"2772","马街镇人民政府(陆水线)","1"
"2773","巍宝山乡合作村退役军人服务站","1"
"2774","中国石化城北加油站","1"
"2775","金碧公园","1"
"2776","府前大街与邮政路交叉口","1"
"2777","中和路","1"
"2778","付庄村村委会","1"
"2779","金园路","1"
"2780","长安汽车长安欧尚","1"
"2781","鼎泰家园","1"
"2782","周恩来同志故居","1"
"2783","凤山公园","1"
"2784","南桥镇人民政府","1"
"2785","好未来教育","1"
"2786","文城镇人民政府","1"
"2787","新厂西路","1"
"2788","铜川市耀州区人民法院","1"
"2789","牌坊湾(公交站)","1"
"2790","白驹镇人民政府","1"
"2791","狮子山","1"
"2792","杭州光明顶民宿","1"
"2793","新沟镇小学","1"
"2794","济南市历下区房屋管理服务中心公用公房服务部","1"
"2795","天井村村民委员会","1"
"2796","曹家簖村委会","1"
"2797","华山路","1"
"2798","红旗医院","1"
"2799","先锋花园","1"
"2800","承修四路","1"
"2801","青树村委会","1"
"2802","青林湾大桥","1"
"2803","人民医院","1"
"2804","钱塘路","1"
"2805","西安大悦城","1"
"2806","北雀路","1"
"2807","河东镇政府","1"
"2808","近湖镇财政管理所","1"
"2809","长宁路","1"
"2810","高时明墓","1"
"2811","百步亭花园","1"
"2812","英科医疗","1"
"2813","南湖酒店","1"
"2814","李村","1"
"2815","禹王台公园","1"
"2816","朝阳大街","1"
"2817","仁和广场","1"
"2818","健康路与建设大道交叉口","1"
